time_utc,station_id,obs_pm25,cams_raw
2026-10-01T08:20:00.000Z,4946812,30.2,40.4
2026-10-01T08:20:00.000Z,4946813,12.1,32.7
2026-10-01T08:00:00.000Z,135,22.4,19.3
2026-10-01T08:00:00.000Z,701,12.4,25.8
2026-10-01T08:00:00.000Z,2167,16.1,19.3
2026-10-01T08:00:00.000Z,2328,10.7,11.2
2026-10-01T08:00:00.000Z,2352,20.1,19.3
2026-10-01T08:00:00.000Z,2375,16.4,22
2026-10-01T08:00:00.000Z,2376,17.1,19.3
2026-10-01T08:00:00.000Z,7747,25.3,12
2026-10-01T08:00:00.000Z,7840,15.4,12.2
2026-10-01T08:00:00.000Z,225568,21.9,25.8
2026-10-01T08:00:00.000Z,225574,18.3,22
2026-10-01T08:00:00.000Z,225576,13.9,23.3
2026-10-01T08:00:00.000Z,225579,11.9,12.8
2026-10-01T08:00:00.000Z,225587,13.9,8.5
2026-10-01T08:00:00.000Z,225589,13.3,16.8
2026-10-01T08:00:00.000Z,225593,22,22
2026-10-01T08:00:00.000Z,225595,19.8,19.3
2026-10-01T08:00:00.000Z,225596,19.6,19.3
2026-10-01T08:00:00.000Z,225599,15.2,19.3
2026-10-01T08:00:00.000Z,225600,17.2,15.3
2026-10-01T08:00:00.000Z,225603,40.1,23.3
2026-10-01T08:00:00.000Z,225611,39.4,23.3
2026-10-01T08:00:00.000Z,225613,18.9,22
2026-10-01T08:00:00.000Z,225614,17.2,19.3
2026-10-01T08:00:00.000Z,225619,12.3,25.8
2026-10-01T08:00:00.000Z,225624,17.1,19.3
2026-10-01T08:00:00.000Z,225629,11.3,25.8
2026-10-01T08:00:00.000Z,225630,11.4,13.1
2026-10-01T08:00:00.000Z,225635,24.5,22
2026-10-01T08:00:00.000Z,225636,15.5,24.6
2026-10-01T08:00:00.000Z,225637,15.7,19.3
2026-10-01T08:00:00.000Z,225638,19.8,19.3
2026-10-01T08:00:00.000Z,225640,10.2,19.3
2026-10-01T08:00:00.000Z,225641,20.5,19.3
2026-10-01T08:00:00.000Z,225647,16.8,19.3
2026-10-01T08:00:00.000Z,225649,15.6,11.5
2026-10-01T08:00:00.000Z,225650,13.8,19.3
2026-10-01T08:00:00.000Z,225653,20,19.3
2026-10-01T08:00:00.000Z,225655,12.4,11.6
2026-10-01T08:00:00.000Z,225656,16.2,25.8
2026-10-01T08:00:00.000Z,225660,24.6,28.2
2026-10-01T08:00:00.000Z,225666,12,11.8
2026-10-01T08:00:00.000Z,225667,13.1,19.3
2026-10-01T08:00:00.000Z,225672,16.2,28.2
2026-10-01T08:00:00.000Z,225678,13.5,19.3
2026-10-01T08:00:00.000Z,225681,14.3,19.3
2026-10-01T08:00:00.000Z,225682,13.2,19.3
2026-10-01T08:00:00.000Z,225689,12.8,19.3
2026-10-01T08:00:00.000Z,228542,11.1,11.3
2026-10-01T08:00:00.000Z,228543,11.3,9.9
2026-10-01T08:00:00.000Z,228544,10.2,12.3
2026-10-01T08:00:00.000Z,270702,18.1,10.6
2026-10-01T08:00:00.000Z,351927,11,10.1
2026-10-01T08:00:00.000Z,353740,16.6,16.5
2026-10-01T08:00:00.000Z,353741,11.1,7.3
2026-10-01T08:00:00.000Z,353742,17.5,11.7
2026-10-01T08:00:00.000Z,353743,13,8.8
2026-10-01T08:00:00.000Z,354124,9,8.4
2026-10-01T08:00:00.000Z,1650687,10.9,13.4
2026-10-01T08:00:00.000Z,1650688,7.9,10.6
2026-10-01T08:00:00.000Z,1785688,17.1,12
2026-10-01T08:00:00.000Z,1785690,21.8,10.4
2026-10-01T08:00:00.000Z,1785691,13.8,14.3
2026-10-01T08:00:00.000Z,1785692,6.9,11.4
2026-10-01T08:00:00.000Z,1785694,10,13.9
2026-10-01T08:00:00.000Z,1873401,15,14
2026-10-01T08:00:00.000Z,1993935,10.3,10.9
2026-10-01T08:00:00.000Z,3047300,13.3,7.7
2026-10-01T08:00:00.000Z,3345345,19.2,23.3
2026-10-01T08:00:00.000Z,3347581,18.2,10
2026-10-01T08:00:00.000Z,5554536,7.6,7.7
2026-10-01T08:00:00.000Z,5554537,11,7.7
2026-10-01T07:00:00.000Z,2411,10.4,16.9
2026-10-01T07:00:00.000Z,225570,11.1,16.9
2026-10-01T08:00:00.000Z,225572,20.6,25.8
2026-10-01T08:00:00.000Z,225591,14.9,28.2
2026-10-01T08:00:00.000Z,225607,17.2,14.1
2026-10-01T08:00:00.000Z,225645,13.8,22
2026-10-01T07:00:00.000Z,225673,21.7,19.3
2026-10-01T08:00:00.000Z,368390,13.2,19.3
2026-10-01T08:00:00.000Z,368391,13.5,22
2026-10-01T08:00:00.000Z,368393,16.4,25.8
2026-10-01T08:00:00.000Z,368395,12.6,19.3
2026-10-01T08:00:00.000Z,368396,12.1,25.8
2026-10-01T08:00:00.000Z,368397,13,19.3
2026-10-01T08:00:00.000Z,368399,12.2,19.3
2026-10-01T08:00:00.000Z,368401,16.4,28.2
2026-10-01T08:00:00.000Z,368402,19.5,22
2026-10-01T08:00:00.000Z,368403,10.8,25.8
2026-10-01T08:00:00.000Z,368406,17.9,19.3
2026-10-01T08:00:00.000Z,368407,11.9,25.8
2026-10-01T08:00:00.000Z,368485,14.6,19.3
2026-10-01T08:00:00.000Z,6262229,14.9,19.3
2026-10-01T06:00:00.000Z,368394,10.9,19.2
2026-10-01T08:00:00.000Z,1235996,12.5,9.6
2026-10-01T08:00:00.000Z,1236013,39.2,16.8
2026-10-01T08:00:00.000Z,1236024,13.2,12.8
2026-10-01T08:00:00.000Z,1236053,11.6,19.3
2026-10-01T08:00:00.000Z,1641558,14.5,12.8
2026-10-01T08:00:00.000Z,1646752,17.3,12.8
2026-10-01T08:00:00.000Z,2136949,11.2,9.6
2026-10-01T08:00:00.000Z,2142493,6.3,9.6
2026-10-01T08:00:00.000Z,2147304,9.7,9.6
2026-10-01T08:00:00.000Z,2174592,17.4,12.8
2026-10-01T08:00:00.000Z,2181641,33.5,19.3
2026-10-01T08:00:00.000Z,2327978,10.8,9.6
2026-10-01T08:00:00.000Z,2340282,11.6,9.6
2026-10-01T08:00:00.000Z,2375197,3.8,9.6
2026-10-01T08:00:00.000Z,2384279,10.4,9.6
2026-10-01T08:00:00.000Z,2384280,12.8,9.6
2026-10-01T08:00:00.000Z,2393909,6.1,9.6
2026-10-01T08:00:00.000Z,2429963,10.8,9.6
2026-10-01T08:00:00.000Z,2439091,8,9.6
2026-10-01T08:00:00.000Z,2510432,8.2,9.6
2026-10-01T08:00:00.000Z,2575375,11.6,12.8
2026-10-01T08:00:00.000Z,2692433,26.7,19.3
2026-10-01T08:00:00.000Z,2692436,33.3,19.3
2026-10-01T08:00:00.000Z,2739142,12.2,10
2026-10-01T08:00:00.000Z,2811479,16.5,12
2026-10-01T08:00:00.000Z,2811595,5.8,19.3
2026-10-01T08:00:00.000Z,2813904,2.9,10
2026-10-01T08:00:00.000Z,2821337,12.4,11.2
2026-10-01T08:00:00.000Z,2827389,12.6,14.2
2026-10-01T08:00:00.000Z,2827395,7.5,11.8
2026-10-01T08:00:00.000Z,2827396,9.9,9.8
2026-10-01T08:00:00.000Z,2832600,9.3,9.8
2026-10-01T08:00:00.000Z,2843720,9.8,9
2026-10-01T08:00:00.000Z,2843723,12.4,23.3
2026-10-01T08:00:00.000Z,2847191,0,13.1
2026-10-01T08:00:00.000Z,2847196,17.2,23.3
2026-10-01T08:00:00.000Z,2848810,10.7,25.8
2026-10-01T08:00:00.000Z,2927999,11.8,7.7
2026-10-01T08:00:00.000Z,3019320,18.4,28.2
2026-10-01T08:00:00.000Z,3047340,3.1,12.8
2026-10-01T08:00:00.000Z,3090636,13.8,28.2
2026-10-01T08:00:00.000Z,3097120,24.6,19.3
2026-10-01T08:00:00.000Z,3276359,71.2,35.4
2026-10-01T08:00:00.000Z,3400936,34.2,19.3
2026-10-01T08:00:00.000Z,3400937,14.5,28.2
2026-10-01T08:00:00.000Z,3400941,10.6,28.2
2026-10-01T08:00:00.000Z,3400955,15.5,12.3
2026-10-01T08:00:00.000Z,3400979,32.5,19.3
2026-10-01T08:00:00.000Z,3400984,12.6,17.7
2026-10-01T08:00:00.000Z,3400986,33.1,11.8
2026-10-01T08:00:00.000Z,3401031,25.1,19.3
2026-10-01T08:00:00.000Z,3402586,22.5,22
2026-10-01T08:00:00.000Z,3402593,21.8,22
2026-10-01T08:00:00.000Z,3402594,26.1,22
2026-10-01T08:00:00.000Z,3405765,26,17.7
2026-10-01T08:00:00.000Z,3412669,6.1,11.8
2026-10-01T08:00:00.000Z,3478630,10.8,7.6
2026-10-01T08:00:00.000Z,3478631,6.5,10.2
2026-10-01T08:00:00.000Z,3493785,4.7,5.4
2026-10-01T08:00:00.000Z,3493786,10.4,13.1
2026-10-01T08:00:00.000Z,3499026,1.2,5.6
2026-10-01T08:00:00.000Z,3501135,7.9,10.2
2026-10-01T08:00:00.000Z,3501136,5.2,12.5
2026-10-01T08:00:00.000Z,3501137,1.2,6.7
2026-10-01T08:00:00.000Z,3503722,4.4,11.4
2026-10-01T08:00:00.000Z,3503723,7.4,11.6
2026-10-01T08:00:00.000Z,3503724,4.1,9.8
2026-10-01T08:00:00.000Z,3510962,0,8.7
2026-10-01T08:00:00.000Z,3510963,5.8,12.2
2026-10-01T08:00:00.000Z,3510964,2.7,6.7
2026-10-01T08:00:00.000Z,3510965,11.5,6.7
2026-10-01T08:00:00.000Z,3511463,17.3,6
2026-10-01T08:00:00.000Z,3524548,2.5,7.2
2026-10-01T08:00:00.000Z,3524550,10.2,7.1
2026-10-01T08:00:00.000Z,3524551,2.4,11.7
2026-10-01T08:00:00.000Z,3524552,9.7,12.7
2026-10-01T08:00:00.000Z,3524553,9.1,7.4
2026-10-01T08:00:00.000Z,3527752,3.2,8.2
2026-10-01T08:00:00.000Z,3539279,1.9,6
2026-10-01T08:00:00.000Z,3539280,7.8,10.2
2026-10-01T08:00:00.000Z,3539838,0.7,9.5
2026-10-01T08:00:00.000Z,3553302,3.7,9
2026-10-01T08:00:00.000Z,3553304,2.2,7.2
2026-10-01T08:00:00.000Z,3553305,2.6,7.7
2026-10-01T08:00:00.000Z,3560430,61.8,10.5
2026-10-01T08:00:00.000Z,3560431,3.6,9
2026-10-01T08:00:00.000Z,3560513,0.9,6
2026-10-01T08:00:00.000Z,3560514,9.3,9.2
2026-10-01T08:00:00.000Z,3561013,5.9,11.4
2026-10-01T08:00:00.000Z,3562555,10.4,7
2026-10-01T08:00:00.000Z,3562556,0.2,6.1
2026-10-01T08:00:00.000Z,3562557,0.1,6
2026-10-01T08:00:00.000Z,3567155,11,11.8
2026-10-01T08:00:00.000Z,3567156,2.3,6.8
2026-10-01T08:00:00.000Z,3567157,0.8,9.1
2026-10-01T08:00:00.000Z,3567158,2.8,10.1
2026-10-01T08:00:00.000Z,3567159,1.6,9.4
2026-10-01T08:00:00.000Z,3567160,6.9,11
2026-10-01T08:00:00.000Z,3567161,3.8,7.4
2026-10-01T08:00:00.000Z,3572812,4.4,8.3
2026-10-01T08:00:00.000Z,3572813,1,8.7
2026-10-01T08:00:00.000Z,3572814,4,4.5
2026-10-01T08:00:00.000Z,3585655,2.5,8.3
2026-10-01T08:00:00.000Z,3585656,3.1,8.7
2026-10-01T08:00:00.000Z,3585657,11.9,9.3
2026-10-01T08:00:00.000Z,3585658,0.7,5.1
2026-10-01T08:00:00.000Z,3587757,2.2,5.9
2026-10-01T08:00:00.000Z,3591604,14.6,11.4
2026-10-01T08:00:00.000Z,3591605,0.7,5.7
2026-10-01T08:00:00.000Z,3591606,3.3,9.4
2026-10-01T08:00:00.000Z,3591607,0,5.8
2026-10-01T08:00:00.000Z,3591609,2,7.7
2026-10-01T12:05:00.000Z,4946812,18.8,43.8
2026-10-01T12:05:00.000Z,4946813,25.9,35.9
2026-10-01T11:00:00.000Z,135,23.5,18.5
2026-10-01T11:00:00.000Z,701,11.7,39.2
2026-10-01T11:00:00.000Z,717,31.8,16.7
2026-10-01T11:00:00.000Z,2167,16.5,18.5
2026-10-01T11:00:00.000Z,2328,10.7,8.4
2026-10-01T11:00:00.000Z,2352,20,18.5
2026-10-01T11:00:00.000Z,2375,16.8,25.1
2026-10-01T11:00:00.000Z,2376,17.7,18.5
2026-10-01T11:00:00.000Z,7747,24.7,12.4
2026-10-01T11:00:00.000Z,7840,15.5,11.5
2026-10-01T12:00:00.000Z,225568,22.7,40.5
2026-10-01T11:00:00.000Z,225572,23.3,39.2
2026-10-01T12:00:00.000Z,225574,19.3,26.1
2026-10-01T11:00:00.000Z,225576,12.7,16.7
2026-10-01T11:00:00.000Z,225579,12.9,17.3
2026-10-01T11:00:00.000Z,225587,14.4,9.3
2026-10-01T11:00:00.000Z,225589,13,9.4
2026-10-01T11:00:00.000Z,225591,14.2,34.5
2026-10-01T12:00:00.000Z,225593,23,26.1
2026-10-01T12:00:00.000Z,225595,21.4,15.3
2026-10-01T12:00:00.000Z,225596,21.3,15.3
2026-10-01T12:00:00.000Z,225599,17,15.3
2026-10-01T11:00:00.000Z,225600,16.3,7.9
2026-10-01T11:00:00.000Z,225603,40,16.7
2026-10-01T11:00:00.000Z,225607,16.5,16.2
2026-10-01T11:00:00.000Z,225611,38.6,16.7
2026-10-01T12:00:00.000Z,225613,19,26.1
2026-10-01T12:00:00.000Z,225614,17.4,15.3
2026-10-01T12:00:00.000Z,225619,11.1,40.5
2026-10-01T12:00:00.000Z,225624,17.1,15.3
2026-10-01T11:00:00.000Z,225629,10.4,39.2
2026-10-01T11:00:00.000Z,225630,11.7,12
2026-10-01T12:00:00.000Z,225635,24.8,26.1
2026-10-01T11:00:00.000Z,225636,15.5,26.9
2026-10-01T11:00:00.000Z,225637,18,18.5
2026-10-01T12:00:00.000Z,225638,19.8,15.3
2026-10-01T12:00:00.000Z,225640,12.3,15.3
2026-10-01T12:00:00.000Z,225641,20.7,15.3
2026-10-01T11:00:00.000Z,225645,14.4,25.1
2026-10-01T12:00:00.000Z,225647,16,15.3
2026-10-01T11:00:00.000Z,225649,15.7,12.1
2026-10-01T11:00:00.000Z,225650,13.5,18.5
2026-10-01T11:00:00.000Z,225653,19.5,18.5
2026-10-01T11:00:00.000Z,225655,12.6,8.5
2026-10-01T12:00:00.000Z,225656,16,40.5
2026-10-01T12:00:00.000Z,225660,22.6,40.6
2026-10-01T11:00:00.000Z,225666,12.1,9.9
2026-10-01T12:00:00.000Z,225667,16,15.3
2026-10-01T12:00:00.000Z,225672,15,40.6
2026-10-01T12:00:00.000Z,225678,14.4,15.3
2026-10-01T12:00:00.000Z,225681,14.6,15.3
2026-10-01T12:00:00.000Z,225682,15,15.3
2026-10-01T12:00:00.000Z,225689,14.4,15.3
2026-10-01T11:00:00.000Z,228542,10.9,4.7
2026-10-01T11:00:00.000Z,228543,11.8,8.4
2026-10-01T11:00:00.000Z,228544,10,7.6
2026-10-01T11:00:00.000Z,270702,18.3,7.9
2026-10-01T11:00:00.000Z,351927,11.5,7.7
2026-10-01T11:00:00.000Z,353740,15.3,11.9
2026-10-01T11:00:00.000Z,353741,11.3,3.9
2026-10-01T11:00:00.000Z,353742,17.9,10
2026-10-01T11:00:00.000Z,353743,11.9,4.4
2026-10-01T11:00:00.000Z,354124,8.9,11
2026-10-01T11:00:00.000Z,368390,13.4,18.5
2026-10-01T11:00:00.000Z,368391,14.2,25.1
2026-10-01T11:00:00.000Z,368393,15.8,39.2
2026-10-01T11:00:00.000Z,368395,12.9,18.5
2026-10-01T11:00:00.000Z,368396,12.2,39.2
2026-10-01T11:00:00.000Z,368397,12.7,18.5
2026-10-01T11:00:00.000Z,368399,12.1,18.5
2026-10-01T11:00:00.000Z,368401,15.7,34.5
2026-10-01T11:00:00.000Z,368402,18.9,25.1
2026-10-01T11:00:00.000Z,368403,11.2,39.2
2026-10-01T11:00:00.000Z,368407,11.6,39.2
2026-10-01T11:00:00.000Z,368485,13.9,18.5
2026-10-01T11:00:00.000Z,1650687,11.3,7.9
2026-10-01T11:00:00.000Z,1650688,8.9,8.5
2026-10-01T11:00:00.000Z,1785688,17.1,10.7
2026-10-01T11:00:00.000Z,1785690,22,7
2026-10-01T11:00:00.000Z,1785691,13.5,13
2026-10-01T11:00:00.000Z,1785692,6.8,6.8
2026-10-01T11:00:00.000Z,1785694,10.1,8
2026-10-01T11:00:00.000Z,1873401,15,12
2026-10-01T11:00:00.000Z,1993935,9.8,4
2026-10-01T11:00:00.000Z,3047300,12.3,15
2026-10-01T11:00:00.000Z,3345345,17.3,16.7
2026-10-01T11:00:00.000Z,3347581,18.2,7.5
2026-10-01T11:00:00.000Z,5554536,7.5,5
2026-10-01T11:00:00.000Z,5554537,12.2,5
2026-10-01T11:00:00.000Z,6262229,15.9,18.5
2026-10-01T11:00:00.000Z,2411,10.6,14.1
2026-10-01T11:00:00.000Z,225570,11.2,14.1
2026-10-01T11:00:00.000Z,368394,11.1,18.5
2026-10-01T11:00:00.000Z,225692,10.7,14.1
2026-10-01T12:00:00.000Z,1235996,31,7.6
2026-10-01T12:00:00.000Z,1236013,108.9,15.1
2026-10-01T10:00:00.000Z,1236024,13.6,11.7
2026-10-01T12:00:00.000Z,1236053,29.3,15.3
2026-10-01T12:00:00.000Z,1641558,23,23.9
2026-10-01T10:00:00.000Z,1646752,20.5,11.7
2026-10-01T10:00:00.000Z,2136949,11.6,7.5
2026-10-01T10:00:00.000Z,2142493,6,7.5
2026-10-01T12:00:00.000Z,2147304,12.9,7.6
2026-10-01T12:00:00.000Z,2174592,22.8,23.9
2026-10-01T12:00:00.000Z,2181641,18.5,15.3
2026-10-01T10:00:00.000Z,2327978,13.8,7.5
2026-10-01T10:00:00.000Z,2340282,10.6,7.5
2026-10-01T10:00:00.000Z,2375197,4.3,7.5
2026-10-01T12:00:00.000Z,2384279,20.5,7.6
2026-10-01T12:00:00.000Z,2384280,32.7,7.6
2026-10-01T12:00:00.000Z,2393909,16.7,7.6
2026-10-01T10:00:00.000Z,2429963,11.4,7.5
2026-10-01T10:00:00.000Z,2439091,7.9,7.5
2026-10-01T12:00:00.000Z,2510432,18.3,7.6
2026-10-01T12:00:00.000Z,2575375,26.4,23.9
2026-10-01T12:00:00.000Z,2692433,37,15.3
2026-10-01T12:00:00.000Z,2692436,21.5,15.3
2026-10-01T12:00:00.000Z,2739142,17.8,10.3
2026-10-01T12:00:00.000Z,2811479,47.2,7.6
2026-10-01T12:00:00.000Z,2811595,11.8,15.3
2026-10-01T12:00:00.000Z,2813904,6.7,8.8
2026-10-01T10:00:00.000Z,2821337,11.3,7.3
2026-10-01T12:00:00.000Z,2827389,20.1,25.7
2026-10-01T12:00:00.000Z,2827395,6,6
2026-10-01T12:00:00.000Z,2827396,14.4,7
2026-10-01T12:00:00.000Z,2832600,83.1,7
2026-10-01T12:00:00.000Z,2843720,26.5,7.3
2026-10-01T12:00:00.000Z,2843723,15.4,19.8
2026-10-01T12:00:00.000Z,2847191,0,12.8
2026-10-01T10:00:00.000Z,2847196,18.9,16
2026-10-01T10:00:00.000Z,2848810,7.8,29.6
2026-10-01T12:00:00.000Z,2927999,13.3,7
2026-10-01T12:00:00.000Z,3019320,20,40.6
2026-10-01T12:00:00.000Z,3047340,10.3,23.9
2026-10-01T10:00:00.000Z,3090636,15,26.8
2026-10-01T12:00:00.000Z,3097120,16.2,15.3
2026-10-01T12:00:00.000Z,3276359,17.3,38.2
2026-10-01T12:00:00.000Z,3400936,10.2,15.3
2026-10-01T12:00:00.000Z,3400937,15.4,40.6
2026-10-01T10:00:00.000Z,3400941,14.5,26.8
2026-10-01T12:00:00.000Z,3400955,65.6,7.8
2026-10-01T12:00:00.000Z,3400979,14.7,15.3
2026-10-01T12:00:00.000Z,3400984,22.1,30.7
2026-10-01T12:00:00.000Z,3400986,71.4,6.6
2026-10-01T12:00:00.000Z,3401031,17.6,15.3
2026-10-01T10:00:00.000Z,3402586,10.6,22
2026-10-01T10:00:00.000Z,3402593,14.2,22
2026-10-01T12:00:00.000Z,3402594,29.2,26.1
2026-10-01T12:00:00.000Z,3405765,21.6,30.7
2026-10-01T10:00:00.000Z,3412669,9.4,6
2026-10-01T12:00:00.000Z,3478630,46.7,7.1
2026-10-01T12:00:00.000Z,3478631,16.4,5.1
2026-10-01T12:00:00.000Z,3493785,24.1,3.8
2026-10-01T10:00:00.000Z,3493786,16,9.3
2026-10-01T12:00:00.000Z,3499026,0.8,3.6
2026-10-01T12:00:00.000Z,3501135,56,10.8
2026-10-01T12:00:00.000Z,3501136,16.4,8.8
2026-10-01T12:00:00.000Z,3501137,28.3,6.4
2026-10-01T12:00:00.000Z,3503722,29.3,9.1
2026-10-01T12:00:00.000Z,3503723,30.1,7.3
2026-10-01T12:00:00.000Z,3503724,39.1,6
2026-10-01T12:00:00.000Z,3510962,2,5.7
2026-10-01T12:00:00.000Z,3510963,65.5,11.7
2026-10-01T12:00:00.000Z,3510964,1.4,7.7
2026-10-01T12:00:00.000Z,3510965,18.3,6.4
2026-10-01T12:00:00.000Z,3511463,33.3,4.5
2026-10-01T12:00:00.000Z,3524548,43.4,6.9
2026-10-01T12:00:00.000Z,3524550,53.9,4.2
2026-10-01T12:00:00.000Z,3524551,60.1,6.2
2026-10-01T12:00:00.000Z,3524552,29.3,7.8
2026-10-01T12:00:00.000Z,3524553,52.2,8.5
2026-10-01T12:00:00.000Z,3527752,4.9,7.6
2026-10-01T12:00:00.000Z,3539280,40,5.1
2026-10-01T12:00:00.000Z,3539838,24.1,4.6
2026-10-01T12:00:00.000Z,3553302,19.8,8.5
2026-10-01T12:00:00.000Z,3553304,32.5,4.4
2026-10-01T12:00:00.000Z,3553305,37.6,2.2
2026-10-01T12:00:00.000Z,3560430,23.3,5.3
2026-10-01T12:00:00.000Z,3560431,9,2.5
2026-10-01T12:00:00.000Z,3560513,18.9,2.2
2026-10-01T12:00:00.000Z,3560514,82,5.2
2026-10-01T12:00:00.000Z,3561013,37.2,7
2026-10-01T12:00:00.000Z,3562555,18.7,5.8
2026-10-01T12:00:00.000Z,3562556,25.3,3.7
2026-10-01T12:00:00.000Z,3562557,9.5,2.2
2026-10-01T12:00:00.000Z,3567155,38.2,5.7
2026-10-01T12:00:00.000Z,3567156,10.3,6.5
2026-10-01T12:00:00.000Z,3567157,18.4,7.6
2026-10-01T12:00:00.000Z,3567158,11.4,7.9
2026-10-01T12:00:00.000Z,3567159,38.2,5.2
2026-10-01T12:00:00.000Z,3567160,53.6,12.2
2026-10-01T12:00:00.000Z,3567161,23,8.5
2026-10-01T12:00:00.000Z,3572812,43.8,7.8
2026-10-01T10:00:00.000Z,3572813,6.7,6.9
2026-10-01T12:00:00.000Z,3572814,46,5
2026-10-01T12:00:00.000Z,3585655,23.1,5.2
2026-10-01T12:00:00.000Z,3585656,25.5,7.3
2026-10-01T12:00:00.000Z,3585657,18.6,6.4
2026-10-01T12:00:00.000Z,3585658,15.4,1.5
2026-10-01T12:00:00.000Z,3587757,26,5.6
2026-10-01T12:00:00.000Z,3591604,56.3,9.1
2026-10-01T12:00:00.000Z,3591605,2.8,2.5
2026-10-01T12:00:00.000Z,3591606,5.5,5.2
2026-10-01T12:00:00.000Z,3591607,34.8,4
2026-10-01T12:00:00.000Z,3591609,17.9,4
