hour_end_utc,station_id,pm25
2026-10-08T18:00Z,a4t:119t,30
2026-10-08T19:00Z,a4t:119t,30
2026-10-08T20:00Z,a4t:119t,27
2026-10-08T21:00Z,a4t:119t,25
2026-10-08T22:00Z,a4t:119t,26
2026-10-08T23:00Z,a4t:119t,25
2026-10-09T00:00Z,a4t:119t,26
2026-10-09T01:00Z,a4t:119t,26
2026-10-09T02:00Z,a4t:119t,23
2026-10-09T03:00Z,a4t:119t,22
2026-10-09T04:00Z,a4t:119t,20
2026-10-09T05:00Z,a4t:119t,20
2026-10-09T06:00Z,a4t:119t,22
2026-10-09T07:00Z,a4t:119t,21
2026-10-09T08:00Z,a4t:119t,20
2026-10-09T09:00Z,a4t:119t,20
2026-10-09T10:00Z,a4t:119t,17
2026-10-09T11:00Z,a4t:119t,16
2026-10-09T12:00Z,a4t:119t,17
2026-10-09T13:00Z,a4t:119t,16
2026-10-09T14:00Z,a4t:119t,11
2026-10-09T15:00Z,a4t:119t,10
2026-10-09T16:00Z,a4t:119t,9
2026-10-09T17:00Z,a4t:119t,10
2026-10-08T18:00Z,a4t:02t,26
2026-10-08T19:00Z,a4t:02t,26
2026-10-08T20:00Z,a4t:02t,20
2026-10-08T21:00Z,a4t:02t,19
2026-10-08T22:00Z,a4t:02t,21
2026-10-08T23:00Z,a4t:02t,22
2026-10-09T00:00Z,a4t:02t,25
2026-10-09T01:00Z,a4t:02t,23
2026-10-09T02:00Z,a4t:02t,21
2026-10-09T03:00Z,a4t:02t,20
2026-10-09T04:00Z,a4t:02t,22
2026-10-09T05:00Z,a4t:02t,25
2026-10-09T06:00Z,a4t:02t,23
2026-10-09T07:00Z,a4t:02t,22
2026-10-09T08:00Z,a4t:02t,20
2026-10-09T09:00Z,a4t:02t,19
2026-10-09T10:00Z,a4t:02t,19
2026-10-09T11:00Z,a4t:02t,21
2026-10-09T12:00Z,a4t:02t,23
2026-10-09T13:00Z,a4t:02t,31
2026-10-09T14:00Z,a4t:02t,26
2026-10-09T15:00Z,a4t:02t,30
2026-10-09T16:00Z,a4t:02t,29
2026-10-09T17:00Z,a4t:02t,32
2026-10-08T18:00Z,a4t:52t,31
2026-10-08T19:00Z,a4t:52t,30
2026-10-08T20:00Z,a4t:52t,25
2026-10-08T21:00Z,a4t:52t,22
2026-10-08T22:00Z,a4t:52t,26
2026-10-08T23:00Z,a4t:52t,27
2026-10-09T00:00Z,a4t:52t,32
2026-10-09T01:00Z,a4t:52t,30
2026-10-09T02:00Z,a4t:52t,25
2026-10-09T03:00Z,a4t:52t,24
2026-10-09T04:00Z,a4t:52t,28
2026-10-09T05:00Z,a4t:52t,30
2026-10-09T06:00Z,a4t:52t,29
2026-10-09T07:00Z,a4t:52t,29
2026-10-09T08:00Z,a4t:52t,26
2026-10-09T09:00Z,a4t:52t,26
2026-10-09T10:00Z,a4t:52t,15
2026-10-09T11:00Z,a4t:52t,26
2026-10-09T12:00Z,a4t:52t,14
2026-10-09T13:00Z,a4t:52t,23
2026-10-09T14:00Z,a4t:52t,20
2026-10-09T15:00Z,a4t:52t,19
2026-10-09T16:00Z,a4t:52t,25
2026-10-09T17:00Z,a4t:52t,26
2026-10-08T18:00Z,a4t:53t,30
2026-10-08T19:00Z,a4t:53t,30
2026-10-08T20:00Z,a4t:53t,25
2026-10-08T21:00Z,a4t:53t,22
2026-10-08T22:00Z,a4t:53t,27
2026-10-08T23:00Z,a4t:53t,28
2026-10-09T00:00Z,a4t:53t,32
2026-10-09T01:00Z,a4t:53t,30
2026-10-09T02:00Z,a4t:53t,25
2026-10-09T03:00Z,a4t:53t,24
2026-10-09T04:00Z,a4t:53t,28
2026-10-09T05:00Z,a4t:53t,30
2026-10-09T06:00Z,a4t:53t,29
2026-10-09T07:00Z,a4t:53t,29
2026-10-09T08:00Z,a4t:53t,26
2026-10-09T09:00Z,a4t:53t,25
2026-10-09T10:00Z,a4t:53t,19
2026-10-09T11:00Z,a4t:53t,27
2026-10-09T12:00Z,a4t:53t,18
2026-10-09T13:00Z,a4t:53t,14
2026-10-09T14:00Z,a4t:53t,15
2026-10-09T15:00Z,a4t:53t,23
2026-10-09T16:00Z,a4t:53t,22
2026-10-09T17:00Z,a4t:53t,26
2026-10-08T18:00Z,a4t:59t,24
2026-10-08T19:00Z,a4t:59t,23
2026-10-08T20:00Z,a4t:59t,17
2026-10-08T21:00Z,a4t:59t,17
2026-10-08T22:00Z,a4t:59t,18
2026-10-08T23:00Z,a4t:59t,18
2026-10-09T00:00Z,a4t:59t,20
2026-10-09T01:00Z,a4t:59t,18
2026-10-09T02:00Z,a4t:59t,15
2026-10-09T03:00Z,a4t:59t,16
2026-10-09T04:00Z,a4t:59t,18
2026-10-09T05:00Z,a4t:59t,21
2026-10-09T06:00Z,a4t:59t,20
2026-10-09T07:00Z,a4t:59t,19
2026-10-09T08:00Z,a4t:59t,17
2026-10-09T09:00Z,a4t:59t,17
2026-10-09T10:00Z,a4t:59t,12
2026-10-09T11:00Z,a4t:59t,15
2026-10-09T12:00Z,a4t:59t,18
2026-10-09T13:00Z,a4t:59t,14
2026-10-09T14:00Z,a4t:59t,14
2026-10-09T15:00Z,a4t:59t,8
2026-10-09T16:00Z,a4t:59t,8
2026-10-09T17:00Z,a4t:59t,11
2026-10-08T18:00Z,a4t:61t,27
2026-10-08T19:00Z,a4t:61t,26
2026-10-08T20:00Z,a4t:61t,21
2026-10-08T21:00Z,a4t:61t,19
2026-10-08T22:00Z,a4t:61t,21
2026-10-08T23:00Z,a4t:61t,22
2026-10-09T00:00Z,a4t:61t,26
2026-10-09T01:00Z,a4t:61t,24
2026-10-09T02:00Z,a4t:61t,20
2026-10-09T03:00Z,a4t:61t,20
2026-10-09T04:00Z,a4t:61t,22
2026-10-09T05:00Z,a4t:61t,24
2026-10-09T06:00Z,a4t:61t,23
2026-10-09T07:00Z,a4t:61t,22
2026-10-09T08:00Z,a4t:61t,20
2026-10-09T09:00Z,a4t:61t,19
2026-10-09T10:00Z,a4t:61t,14
2026-10-09T11:00Z,a4t:61t,17
2026-10-09T12:00Z,a4t:61t,19
2026-10-09T13:00Z,a4t:61t,19
2026-10-09T14:00Z,a4t:61t,18
2026-10-09T15:00Z,a4t:61t,25
2026-10-09T16:00Z,a4t:61t,21
2026-10-09T17:00Z,a4t:61t,18
2026-10-08T18:00Z,a4t:o10,22
2026-10-08T19:00Z,a4t:o10,25
2026-10-08T20:00Z,a4t:o10,24
2026-10-08T21:00Z,a4t:o10,21
2026-10-08T22:00Z,a4t:o10,23
2026-10-08T23:00Z,a4t:o10,24
2026-10-09T00:00Z,a4t:o10,27
2026-10-09T01:00Z,a4t:o10,25
2026-10-09T02:00Z,a4t:o10,21
2026-10-09T03:00Z,a4t:o10,20
2026-10-09T04:00Z,a4t:o10,23
2026-10-09T05:00Z,a4t:o10,25
2026-10-09T06:00Z,a4t:o10,24
2026-10-09T07:00Z,a4t:o10,23
2026-10-09T08:00Z,a4t:o10,21
2026-10-09T09:00Z,a4t:o10,21
2026-10-09T10:00Z,a4t:o10,16
2026-10-09T11:00Z,a4t:o10,22
2026-10-09T12:00Z,a4t:o10,1
2026-10-09T13:00Z,a4t:o10,19
2026-10-09T14:00Z,a4t:o10,17
2026-10-09T15:00Z,a4t:o10,23
2026-10-09T16:00Z,a4t:o10,23
2026-10-09T17:00Z,a4t:o10,19
2026-10-08T18:00Z,a4t:79t,51
2026-10-08T19:00Z,a4t:79t,44
2026-10-08T20:00Z,a4t:79t,44
2026-10-08T21:00Z,a4t:79t,45
2026-10-08T22:00Z,a4t:79t,36
2026-10-08T23:00Z,a4t:79t,33
2026-10-09T00:00Z,a4t:79t,29
2026-10-09T01:00Z,a4t:79t,13
2026-10-09T02:00Z,a4t:79t,2
2026-10-09T05:00Z,a4t:79t,8
2026-10-09T06:00Z,a4t:79t,17
2026-10-09T07:00Z,a4t:79t,21
2026-10-09T08:00Z,a4t:79t,22
2026-10-09T09:00Z,a4t:79t,24
2026-10-09T10:00Z,a4t:79t,23
2026-10-09T11:00Z,a4t:79t,27
2026-10-09T12:00Z,a4t:79t,36
2026-10-09T13:00Z,a4t:79t,39
2026-10-09T14:00Z,a4t:79t,43
2026-10-09T15:00Z,a4t:79t,47
2026-10-09T16:00Z,a4t:79t,51
2026-10-09T17:00Z,a4t:79t,61
2026-10-08T18:00Z,a4t:107t,19
2026-10-08T19:00Z,a4t:107t,18
2026-10-08T20:00Z,a4t:107t,21
2026-10-08T21:00Z,a4t:107t,19
2026-10-08T22:00Z,a4t:107t,14
2026-10-08T23:00Z,a4t:107t,20
2026-10-09T00:00Z,a4t:107t,24
2026-10-09T01:00Z,a4t:107t,20
2026-10-09T02:00Z,a4t:107t,23
2026-10-09T03:00Z,a4t:107t,26
2026-10-09T04:00Z,a4t:107t,21
2026-10-09T05:00Z,a4t:107t,21
2026-10-09T06:00Z,a4t:107t,13
2026-10-09T07:00Z,a4t:107t,24
2026-10-09T08:00Z,a4t:107t,23
2026-10-09T09:00Z,a4t:107t,23
2026-10-09T10:00Z,a4t:107t,27
2026-10-09T11:00Z,a4t:107t,27
2026-10-09T12:00Z,a4t:107t,35
2026-10-09T13:00Z,a4t:107t,37
2026-10-09T14:00Z,a4t:107t,29
2026-10-09T15:00Z,a4t:107t,25
2026-10-09T16:00Z,a4t:107t,22
2026-10-09T17:00Z,a4t:107t,16
2026-10-08T18:00Z,a4t:94t,12
2026-10-08T19:00Z,a4t:94t,10
2026-10-08T20:00Z,a4t:94t,9
2026-10-08T21:00Z,a4t:94t,10
2026-10-08T22:00Z,a4t:94t,11
2026-10-08T23:00Z,a4t:94t,12
2026-10-09T00:00Z,a4t:94t,14
2026-10-09T01:00Z,a4t:94t,15
2026-10-09T02:00Z,a4t:94t,16
2026-10-09T03:00Z,a4t:94t,16
2026-10-09T04:00Z,a4t:94t,15
2026-10-09T05:00Z,a4t:94t,17
2026-10-09T06:00Z,a4t:94t,17
2026-10-09T07:00Z,a4t:94t,14
2026-10-09T08:00Z,a4t:94t,14
2026-10-09T09:00Z,a4t:94t,15
2026-10-09T10:00Z,a4t:94t,15
2026-10-09T11:00Z,a4t:94t,13
2026-10-09T12:00Z,a4t:94t,13
2026-10-09T13:00Z,a4t:94t,17
2026-10-09T14:00Z,a4t:94t,18
2026-10-09T15:00Z,a4t:94t,18
2026-10-09T16:00Z,a4t:94t,15
2026-10-09T17:00Z,a4t:94t,18
2026-10-08T18:00Z,a4t:46t,25
2026-10-08T19:00Z,a4t:46t,30
2026-10-08T20:00Z,a4t:46t,27
2026-10-08T21:00Z,a4t:46t,31
2026-10-08T22:00Z,a4t:46t,32
2026-10-08T23:00Z,a4t:46t,24
2026-10-09T00:00Z,a4t:46t,26
2026-10-09T01:00Z,a4t:46t,22
2026-10-09T02:00Z,a4t:46t,17
2026-10-09T03:00Z,a4t:46t,25
2026-10-09T04:00Z,a4t:46t,20
2026-10-09T05:00Z,a4t:46t,15
2026-10-09T06:00Z,a4t:46t,18
2026-10-09T07:00Z,a4t:46t,21
2026-10-09T08:00Z,a4t:46t,22
2026-10-09T09:00Z,a4t:46t,16
2026-10-09T10:00Z,a4t:46t,23
2026-10-09T11:00Z,a4t:46t,19
2026-10-09T12:00Z,a4t:46t,26
2026-10-09T13:00Z,a4t:46t,34
2026-10-09T14:00Z,a4t:46t,34
2026-10-09T15:00Z,a4t:46t,38
2026-10-09T16:00Z,a4t:46t,34
2026-10-09T17:00Z,a4t:46t,25
2026-10-08T18:00Z,a4t:100t,15
2026-10-08T19:00Z,a4t:100t,16
2026-10-08T20:00Z,a4t:100t,21
2026-10-08T21:00Z,a4t:100t,19
2026-10-08T22:00Z,a4t:100t,18
2026-10-08T23:00Z,a4t:100t,20
2026-10-09T00:00Z,a4t:100t,18
2026-10-09T01:00Z,a4t:100t,26
2026-10-09T02:00Z,a4t:100t,33
2026-10-09T03:00Z,a4t:100t,29
2026-10-09T04:00Z,a4t:100t,22
2026-10-09T05:00Z,a4t:100t,20
2026-10-09T06:00Z,a4t:100t,17
2026-10-09T07:00Z,a4t:100t,14
2026-10-09T08:00Z,a4t:100t,11
2026-10-09T09:00Z,a4t:100t,10
2026-10-09T10:00Z,a4t:100t,8
2026-10-09T11:00Z,a4t:100t,8
2026-10-09T12:00Z,a4t:100t,9
2026-10-09T13:00Z,a4t:100t,16
2026-10-09T14:00Z,a4t:100t,16
2026-10-09T15:00Z,a4t:100t,12
2026-10-09T16:00Z,a4t:100t,13
2026-10-09T17:00Z,a4t:100t,12
2026-10-08T18:00Z,a4t:60t,27
2026-10-08T19:00Z,a4t:60t,28
2026-10-08T20:00Z,a4t:60t,26
2026-10-08T21:00Z,a4t:60t,28
2026-10-08T22:00Z,a4t:60t,22
2026-10-08T23:00Z,a4t:60t,23
2026-10-09T00:00Z,a4t:60t,30
2026-10-09T01:00Z,a4t:60t,22
2026-10-09T02:00Z,a4t:60t,23
2026-10-09T03:00Z,a4t:60t,18
2026-10-09T04:00Z,a4t:60t,23
2026-10-09T05:00Z,a4t:60t,27
2026-10-09T06:00Z,a4t:60t,20
2026-10-09T07:00Z,a4t:60t,21
2026-10-09T09:00Z,a4t:60t,16
2026-10-09T10:00Z,a4t:60t,18
2026-10-09T11:00Z,a4t:60t,27
2026-10-09T12:00Z,a4t:60t,21
2026-10-09T13:00Z,a4t:60t,20
2026-10-09T14:00Z,a4t:60t,24
2026-10-09T15:00Z,a4t:60t,22
2026-10-09T16:00Z,a4t:60t,20
2026-10-09T17:00Z,a4t:60t,24
2026-10-08T18:00Z,a4t:33t,19
2026-10-08T19:00Z,a4t:33t,23
2026-10-08T20:00Z,a4t:33t,16
2026-10-08T21:00Z,a4t:33t,17
2026-10-08T22:00Z,a4t:33t,19
2026-10-08T23:00Z,a4t:33t,16
2026-10-09T00:00Z,a4t:33t,23
2026-10-09T01:00Z,a4t:33t,22
2026-10-09T02:00Z,a4t:33t,19
2026-10-09T03:00Z,a4t:33t,21
2026-10-09T04:00Z,a4t:33t,17
2026-10-09T05:00Z,a4t:33t,13
2026-10-09T06:00Z,a4t:33t,16
2026-10-09T07:00Z,a4t:33t,18
2026-10-09T08:00Z,a4t:33t,16
2026-10-09T09:00Z,a4t:33t,16
2026-10-09T10:00Z,a4t:33t,17
2026-10-09T11:00Z,a4t:33t,21
2026-10-09T12:00Z,a4t:33t,21
2026-10-09T13:00Z,a4t:33t,16
2026-10-09T14:00Z,a4t:33t,14
2026-10-09T15:00Z,a4t:33t,12
2026-10-09T16:00Z,a4t:33t,18
2026-10-09T17:00Z,a4t:33t,18
2026-10-08T18:00Z,a4t:34t,10
2026-10-08T19:00Z,a4t:34t,11
2026-10-08T20:00Z,a4t:34t,11
2026-10-08T21:00Z,a4t:34t,11
2026-10-08T22:00Z,a4t:34t,8
2026-10-08T23:00Z,a4t:34t,8
2026-10-09T00:00Z,a4t:34t,10
2026-10-09T01:00Z,a4t:34t,16
2026-10-09T02:00Z,a4t:34t,25
2026-10-09T03:00Z,a4t:34t,25
2026-10-09T04:00Z,a4t:34t,31
2026-10-09T05:00Z,a4t:34t,31
2026-10-09T06:00Z,a4t:34t,43
2026-10-09T07:00Z,a4t:34t,43
2026-10-08T18:00Z,a4t:o61,14
2026-10-08T19:00Z,a4t:o61,17
2026-10-08T20:00Z,a4t:o61,14
2026-10-08T21:00Z,a4t:o61,15
2026-10-08T22:00Z,a4t:o61,14
2026-10-08T23:00Z,a4t:o61,12
2026-10-09T00:00Z,a4t:o61,16
2026-10-09T01:00Z,a4t:o61,18
2026-10-09T02:00Z,a4t:o61,11
2026-10-09T04:00Z,a4t:o61,24
2026-10-09T05:00Z,a4t:o61,17
2026-10-09T06:00Z,a4t:o61,14
2026-10-09T07:00Z,a4t:o61,15
2026-10-09T08:00Z,a4t:o61,8
2026-10-09T09:00Z,a4t:o61,18
2026-10-09T10:00Z,a4t:o61,20
2026-10-09T11:00Z,a4t:o61,15
2026-10-09T12:00Z,a4t:o61,19
2026-10-09T13:00Z,a4t:o61,14
2026-10-09T14:00Z,a4t:o61,14
2026-10-09T15:00Z,a4t:o61,11
2026-10-09T16:00Z,a4t:o61,12
2026-10-09T17:00Z,a4t:o61,10
2026-10-08T18:00Z,a4t:117t,14
2026-10-08T19:00Z,a4t:117t,12
2026-10-08T20:00Z,a4t:117t,13
2026-10-08T21:00Z,a4t:117t,11
2026-10-08T22:00Z,a4t:117t,13
2026-10-08T23:00Z,a4t:117t,10
2026-10-09T00:00Z,a4t:117t,15
2026-10-09T01:00Z,a4t:117t,16
2026-10-09T02:00Z,a4t:117t,19
2026-10-09T03:00Z,a4t:117t,18
2026-10-09T04:00Z,a4t:117t,16
2026-10-09T05:00Z,a4t:117t,19
2026-10-09T06:00Z,a4t:117t,14
2026-10-09T07:00Z,a4t:117t,12
2026-10-09T08:00Z,a4t:117t,13
2026-10-09T09:00Z,a4t:117t,19
2026-10-09T10:00Z,a4t:117t,15
2026-10-09T11:00Z,a4t:117t,10
2026-10-09T12:00Z,a4t:117t,14
2026-10-09T13:00Z,a4t:117t,16
2026-10-09T14:00Z,a4t:117t,15
2026-10-09T15:00Z,a4t:117t,17
2026-10-09T16:00Z,a4t:117t,19
2026-10-09T17:00Z,a4t:117t,13
2026-10-08T18:00Z,a4t:108t,18
2026-10-08T19:00Z,a4t:108t,19
2026-10-08T20:00Z,a4t:108t,21
2026-10-08T21:00Z,a4t:108t,19
2026-10-08T22:00Z,a4t:108t,21
2026-10-08T23:00Z,a4t:108t,18
2026-10-09T00:00Z,a4t:108t,19
2026-10-09T01:00Z,a4t:108t,20
2026-10-09T02:00Z,a4t:108t,20
2026-10-09T03:00Z,a4t:108t,19
2026-10-09T04:00Z,a4t:108t,19
2026-10-09T05:00Z,a4t:108t,15
2026-10-09T06:00Z,a4t:108t,14
2026-10-09T07:00Z,a4t:108t,14
2026-10-09T08:00Z,a4t:108t,12
2026-10-09T09:00Z,a4t:108t,11
2026-10-09T10:00Z,a4t:108t,13
2026-10-09T11:00Z,a4t:108t,12
2026-10-09T12:00Z,a4t:108t,14
2026-10-09T13:00Z,a4t:108t,17
2026-10-09T14:00Z,a4t:108t,18
2026-10-09T15:00Z,a4t:108t,16
2026-10-09T16:00Z,a4t:108t,20
2026-10-09T17:00Z,a4t:108t,21
2026-10-08T18:00Z,a4t:118t,25
2026-10-08T19:00Z,a4t:118t,25
2026-10-08T20:00Z,a4t:118t,22
2026-10-08T21:00Z,a4t:118t,22
2026-10-08T22:00Z,a4t:118t,19
2026-10-08T23:00Z,a4t:118t,18
2026-10-09T00:00Z,a4t:118t,19
2026-10-09T01:00Z,a4t:118t,17
2026-10-09T02:00Z,a4t:118t,16
2026-10-09T03:00Z,a4t:118t,15
2026-10-09T04:00Z,a4t:118t,15
2026-10-09T05:00Z,a4t:118t,15
2026-10-09T06:00Z,a4t:118t,16
2026-10-09T07:00Z,a4t:118t,15
2026-10-09T08:00Z,a4t:118t,13
2026-10-09T09:00Z,a4t:118t,13
2026-10-09T10:00Z,a4t:118t,11
2026-10-09T11:00Z,a4t:118t,11
2026-10-09T12:00Z,a4t:118t,12
2026-10-09T13:00Z,a4t:118t,11
2026-10-09T14:00Z,a4t:118t,10
2026-10-09T15:00Z,a4t:118t,9
2026-10-09T16:00Z,a4t:118t,9
2026-10-09T17:00Z,a4t:118t,10
2026-10-08T18:00Z,a4t:93t,36
2026-10-08T19:00Z,a4t:93t,35
2026-10-08T20:00Z,a4t:93t,31
2026-10-08T21:00Z,a4t:93t,29
2026-10-08T22:00Z,a4t:93t,30
2026-10-08T23:00Z,a4t:93t,32
2026-10-09T00:00Z,a4t:93t,33
2026-10-09T01:00Z,a4t:93t,32
2026-10-09T02:00Z,a4t:93t,30
2026-10-09T03:00Z,a4t:93t,29
2026-10-09T04:00Z,a4t:93t,27
2026-10-09T05:00Z,a4t:93t,26
2026-10-09T06:00Z,a4t:93t,28
2026-10-09T07:00Z,a4t:93t,27
2026-10-09T08:00Z,a4t:93t,22
2026-10-09T09:00Z,a4t:93t,22
2026-10-09T10:00Z,a4t:93t,19
2026-10-09T11:00Z,a4t:93t,18
2026-10-09T12:00Z,a4t:93t,20
2026-10-09T13:00Z,a4t:93t,18
2026-10-09T14:00Z,a4t:93t,13
2026-10-09T15:00Z,a4t:93t,12
2026-10-08T18:00Z,a4t:87t,12
2026-10-08T19:00Z,a4t:87t,12
2026-10-08T20:00Z,a4t:87t,17
2026-10-08T21:00Z,a4t:87t,20
2026-10-08T22:00Z,a4t:87t,25
2026-10-08T23:00Z,a4t:87t,25
2026-10-09T00:00Z,a4t:87t,25
2026-10-09T01:00Z,a4t:87t,30
2026-10-09T02:00Z,a4t:87t,23
2026-10-09T03:00Z,a4t:87t,21
2026-10-09T04:00Z,a4t:87t,22
2026-10-09T05:00Z,a4t:87t,21
2026-10-09T06:00Z,a4t:87t,18
2026-10-09T07:00Z,a4t:87t,17
2026-10-09T08:00Z,a4t:87t,18
2026-10-09T09:00Z,a4t:87t,19
2026-10-09T10:00Z,a4t:87t,16
2026-10-09T11:00Z,a4t:87t,14
2026-10-09T12:00Z,a4t:87t,15
2026-10-09T13:00Z,a4t:87t,14
2026-10-09T14:00Z,a4t:87t,19
2026-10-09T15:00Z,a4t:87t,16
2026-10-09T16:00Z,a4t:87t,14
2026-10-09T17:00Z,a4t:87t,15
2026-10-08T18:00Z,a4t:105t,13
2026-10-08T19:00Z,a4t:105t,13
2026-10-08T20:00Z,a4t:105t,16
2026-10-08T21:00Z,a4t:105t,12
2026-10-08T22:00Z,a4t:105t,9
2026-10-08T23:00Z,a4t:105t,16
2026-10-09T00:00Z,a4t:105t,22
2026-10-09T01:00Z,a4t:105t,28
2026-10-09T02:00Z,a4t:105t,21
2026-10-09T03:00Z,a4t:105t,22
2026-10-09T04:00Z,a4t:105t,18
2026-10-09T05:00Z,a4t:105t,13
2026-10-09T06:00Z,a4t:105t,10
2026-10-09T07:00Z,a4t:105t,12
2026-10-09T08:00Z,a4t:105t,20
2026-10-09T09:00Z,a4t:105t,15
2026-10-09T10:00Z,a4t:105t,11
2026-10-09T11:00Z,a4t:105t,10
2026-10-09T12:00Z,a4t:105t,8
2026-10-09T13:00Z,a4t:105t,11
2026-10-09T14:00Z,a4t:105t,18
2026-10-09T15:00Z,a4t:105t,21
2026-10-09T16:00Z,a4t:105t,16
2026-10-09T17:00Z,a4t:105t,21
2026-10-08T18:00Z,a4t:81t,42
2026-10-08T19:00Z,a4t:81t,44
2026-10-08T20:00Z,a4t:81t,37
2026-10-08T21:00Z,a4t:81t,31
2026-10-08T22:00Z,a4t:81t,25
2026-10-08T23:00Z,a4t:81t,27
2026-10-09T00:00Z,a4t:81t,34
2026-10-09T01:00Z,a4t:81t,37
2026-10-09T02:00Z,a4t:81t,36
2026-10-09T03:00Z,a4t:81t,30
2026-10-09T04:00Z,a4t:81t,23
2026-10-09T05:00Z,a4t:81t,16
2026-10-09T06:00Z,a4t:81t,13
2026-10-09T07:00Z,a4t:81t,10
2026-10-09T08:00Z,a4t:81t,10
2026-10-09T09:00Z,a4t:81t,7
2026-10-09T10:00Z,a4t:81t,3
2026-10-09T11:00Z,a4t:81t,11
2026-10-09T12:00Z,a4t:81t,13
2026-10-09T13:00Z,a4t:81t,17
2026-10-09T14:00Z,a4t:81t,25
2026-10-09T15:00Z,a4t:81t,25
2026-10-09T16:00Z,a4t:81t,23
2026-10-09T17:00Z,a4t:81t,26
2026-10-08T18:00Z,a4t:88t,25
2026-10-08T19:00Z,a4t:88t,26
2026-10-08T20:00Z,a4t:88t,25
2026-10-08T21:00Z,a4t:88t,26
2026-10-08T22:00Z,a4t:88t,28
2026-10-08T23:00Z,a4t:88t,41
2026-10-09T00:00Z,a4t:88t,49
2026-10-09T01:00Z,a4t:88t,51
2026-10-09T02:00Z,a4t:88t,48
2026-10-09T03:00Z,a4t:88t,43
2026-10-09T04:00Z,a4t:88t,40
2026-10-09T05:00Z,a4t:88t,35
2026-10-09T06:00Z,a4t:88t,30
2026-10-09T07:00Z,a4t:88t,28
2026-10-09T08:00Z,a4t:88t,18
2026-10-09T09:00Z,a4t:88t,17
2026-10-09T10:00Z,a4t:88t,18
2026-10-09T11:00Z,a4t:88t,33
2026-10-09T12:00Z,a4t:88t,22
2026-10-09T13:00Z,a4t:88t,15
2026-10-09T14:00Z,a4t:88t,12
2026-10-09T15:00Z,a4t:88t,13
2026-10-09T16:00Z,a4t:88t,13
2026-10-09T17:00Z,a4t:88t,12
2026-10-08T18:00Z,a4t:47t,37
2026-10-08T19:00Z,a4t:47t,35
2026-10-08T20:00Z,a4t:47t,40
2026-10-08T21:00Z,a4t:47t,44
2026-10-08T22:00Z,a4t:47t,41
2026-10-08T23:00Z,a4t:47t,38
2026-10-09T00:00Z,a4t:47t,30
2026-10-09T01:00Z,a4t:47t,23
2026-10-09T02:00Z,a4t:47t,29
2026-10-09T03:00Z,a4t:47t,22
2026-10-09T04:00Z,a4t:47t,17
2026-10-09T05:00Z,a4t:47t,13
2026-10-09T06:00Z,a4t:47t,17
2026-10-09T07:00Z,a4t:47t,16
2026-10-09T08:00Z,a4t:47t,19
2026-10-09T09:00Z,a4t:47t,17
2026-10-09T10:00Z,a4t:47t,19
2026-10-09T11:00Z,a4t:47t,18
2026-10-09T12:00Z,a4t:47t,24
2026-10-09T13:00Z,a4t:47t,25
2026-10-09T14:00Z,a4t:47t,28
2026-10-09T15:00Z,a4t:47t,27
2026-10-09T16:00Z,a4t:47t,28
2026-10-09T17:00Z,a4t:47t,29
2026-10-08T18:00Z,a4t:89t,36
2026-10-08T19:00Z,a4t:89t,37
2026-10-08T20:00Z,a4t:89t,31
2026-10-08T21:00Z,a4t:89t,29
2026-10-08T22:00Z,a4t:89t,30
2026-10-08T23:00Z,a4t:89t,32
2026-10-09T00:00Z,a4t:89t,32
2026-10-09T01:00Z,a4t:89t,29
2026-10-09T02:00Z,a4t:89t,29
2026-10-09T03:00Z,a4t:89t,25
2026-10-09T04:00Z,a4t:89t,24
2026-10-09T05:00Z,a4t:89t,24
2026-10-09T06:00Z,a4t:89t,25
2026-10-09T07:00Z,a4t:89t,23
2026-10-09T08:00Z,a4t:89t,19
2026-10-09T09:00Z,a4t:89t,19
2026-10-09T10:00Z,a4t:89t,17
2026-10-09T11:00Z,a4t:89t,18
2026-10-09T12:00Z,a4t:89t,19
2026-10-08T18:00Z,a4t:13t,17
2026-10-08T19:00Z,a4t:13t,19
2026-10-08T20:00Z,a4t:13t,20
2026-10-08T21:00Z,a4t:13t,17
2026-10-08T22:00Z,a4t:13t,19
2026-10-08T23:00Z,a4t:13t,23
2026-10-09T00:00Z,a4t:13t,26
2026-10-09T01:00Z,a4t:13t,24
2026-10-09T02:00Z,a4t:13t,23
2026-10-09T03:00Z,a4t:13t,17
2026-10-09T04:00Z,a4t:13t,21
2026-10-09T05:00Z,a4t:13t,14
2026-10-09T06:00Z,a4t:13t,15
2026-10-09T07:00Z,a4t:13t,15
2026-10-09T08:00Z,a4t:13t,15
2026-10-09T09:00Z,a4t:13t,8
2026-10-09T10:00Z,a4t:13t,15
2026-10-09T11:00Z,a4t:13t,17
2026-10-09T12:00Z,a4t:13t,12
2026-10-09T13:00Z,a4t:13t,8
2026-10-09T14:00Z,a4t:13t,8
2026-10-09T15:00Z,a4t:13t,10
2026-10-09T16:00Z,a4t:13t,12
2026-10-09T17:00Z,a4t:13t,15
2026-10-08T18:00Z,a4t:22t,26
2026-10-08T19:00Z,a4t:22t,26
2026-10-08T20:00Z,a4t:22t,26
2026-10-08T21:00Z,a4t:22t,26
2026-10-08T22:00Z,a4t:22t,25
2026-10-08T23:00Z,a4t:22t,34
2026-10-09T00:00Z,a4t:22t,39
2026-10-09T01:00Z,a4t:22t,28
2026-10-09T02:00Z,a4t:22t,29
2026-10-09T03:00Z,a4t:22t,25
2026-10-09T04:00Z,a4t:22t,22
2026-10-09T05:00Z,a4t:22t,23
2026-10-09T06:00Z,a4t:22t,25
2026-10-09T07:00Z,a4t:22t,23
2026-10-09T08:00Z,a4t:22t,18
2026-10-09T09:00Z,a4t:22t,23
2026-10-09T10:00Z,a4t:22t,22
2026-10-09T11:00Z,a4t:22t,24
2026-10-09T12:00Z,a4t:22t,14
2026-10-09T13:00Z,a4t:22t,11
2026-10-09T14:00Z,a4t:22t,12
2026-10-09T15:00Z,a4t:22t,14
2026-10-09T16:00Z,a4t:22t,15
2026-10-09T17:00Z,a4t:22t,15
2026-10-08T18:00Z,a4t:62t,40
2026-10-08T19:00Z,a4t:62t,42
2026-10-08T20:00Z,a4t:62t,39
2026-10-08T21:00Z,a4t:62t,39
2026-10-08T22:00Z,a4t:62t,37
2026-10-08T23:00Z,a4t:62t,38
2026-10-09T00:00Z,a4t:62t,41
2026-10-09T01:00Z,a4t:62t,43
2026-10-09T02:00Z,a4t:62t,42
2026-10-09T03:00Z,a4t:62t,41
2026-10-09T04:00Z,a4t:62t,39
2026-10-09T05:00Z,a4t:62t,39
2026-10-09T06:00Z,a4t:62t,41
2026-10-09T07:00Z,a4t:62t,41
2026-10-09T08:00Z,a4t:62t,39
2026-10-09T09:00Z,a4t:62t,39
2026-10-09T10:00Z,a4t:62t,34
2026-10-09T11:00Z,a4t:62t,34
2026-10-09T12:00Z,a4t:62t,35
2026-10-09T13:00Z,a4t:62t,31
2026-10-09T14:00Z,a4t:62t,23
2026-10-09T15:00Z,a4t:62t,20
2026-10-08T19:00Z,a4t:67t,18
2026-10-08T20:00Z,a4t:67t,16
2026-10-08T21:00Z,a4t:67t,17
2026-10-08T22:00Z,a4t:67t,18
2026-10-08T23:00Z,a4t:67t,18
2026-10-09T00:00Z,a4t:67t,15
2026-10-09T01:00Z,a4t:67t,18
2026-10-09T02:00Z,a4t:67t,16
2026-10-09T03:00Z,a4t:67t,24
2026-10-09T04:00Z,a4t:67t,24
2026-10-09T05:00Z,a4t:67t,19
2026-10-09T06:00Z,a4t:67t,21
2026-10-09T07:00Z,a4t:67t,20
2026-10-09T08:00Z,a4t:67t,19
2026-10-09T09:00Z,a4t:67t,17
2026-10-09T10:00Z,a4t:67t,28
2026-10-09T11:00Z,a4t:67t,25
2026-10-09T12:00Z,a4t:67t,33
2026-10-09T13:00Z,a4t:67t,26
2026-10-09T14:00Z,a4t:67t,17
2026-10-09T15:00Z,a4t:67t,18
2026-10-09T16:00Z,a4t:67t,24
2026-10-09T17:00Z,a4t:67t,20
2026-10-08T18:00Z,a4t:106t,1
2026-10-08T19:00Z,a4t:106t,1
2026-10-08T20:00Z,a4t:106t,6
2026-10-08T21:00Z,a4t:106t,5
2026-10-08T22:00Z,a4t:106t,5
2026-10-08T23:00Z,a4t:106t,4
2026-10-09T00:00Z,a4t:106t,3
2026-10-09T01:00Z,a4t:106t,3
2026-10-09T02:00Z,a4t:106t,6
2026-10-09T03:00Z,a4t:106t,5
2026-10-09T04:00Z,a4t:106t,4
2026-10-09T05:00Z,a4t:106t,4
2026-10-09T06:00Z,a4t:106t,4
2026-10-09T07:00Z,a4t:106t,4
2026-10-09T08:00Z,a4t:106t,4
2026-10-09T09:00Z,a4t:106t,3
2026-10-09T10:00Z,a4t:106t,3
2026-10-09T11:00Z,a4t:106t,2
2026-10-09T12:00Z,a4t:106t,2
2026-10-09T13:00Z,a4t:106t,2
2026-10-09T14:00Z,a4t:106t,14
2026-10-09T15:00Z,a4t:106t,13
2026-10-09T16:00Z,a4t:106t,10
2026-10-09T17:00Z,a4t:106t,17
2026-10-08T18:00Z,a4t:101t,26
2026-10-08T19:00Z,a4t:101t,24
2026-10-08T20:00Z,a4t:101t,21
2026-10-08T21:00Z,a4t:101t,18
2026-10-08T22:00Z,a4t:101t,17
2026-10-08T23:00Z,a4t:101t,18
2026-10-09T00:00Z,a4t:101t,19
2026-10-09T01:00Z,a4t:101t,20
2026-10-09T02:00Z,a4t:101t,20
2026-10-09T03:00Z,a4t:101t,20
2026-10-09T04:00Z,a4t:101t,20
2026-10-09T05:00Z,a4t:101t,19
2026-10-09T06:00Z,a4t:101t,17
2026-10-09T07:00Z,a4t:101t,18
2026-10-09T08:00Z,a4t:101t,20
2026-10-09T09:00Z,a4t:101t,23
2026-10-09T10:00Z,a4t:101t,25
2026-10-09T11:00Z,a4t:101t,29
2026-10-09T12:00Z,a4t:101t,26
2026-10-09T13:00Z,a4t:101t,28
2026-10-09T14:00Z,a4t:101t,28
2026-10-09T15:00Z,a4t:101t,30
2026-10-09T16:00Z,a4t:101t,31
2026-10-09T17:00Z,a4t:101t,30
2026-10-08T18:00Z,a4t:20t,26
2026-10-08T19:00Z,a4t:20t,26
2026-10-08T20:00Z,a4t:20t,21
2026-10-08T21:00Z,a4t:20t,25
2026-10-08T22:00Z,a4t:20t,25
2026-10-08T23:00Z,a4t:20t,32
2026-10-09T00:00Z,a4t:20t,34
2026-10-09T01:00Z,a4t:20t,37
2026-10-09T02:00Z,a4t:20t,33
2026-10-09T03:00Z,a4t:20t,22
2026-10-09T04:00Z,a4t:20t,23
2026-10-09T05:00Z,a4t:20t,22
2026-10-09T06:00Z,a4t:20t,21
2026-10-09T07:00Z,a4t:20t,22
2026-10-09T08:00Z,a4t:20t,21
2026-10-09T09:00Z,a4t:20t,20
2026-10-09T10:00Z,a4t:20t,24
2026-10-09T11:00Z,a4t:20t,16
2026-10-09T12:00Z,a4t:20t,22
2026-10-09T13:00Z,a4t:20t,17
2026-10-09T14:00Z,a4t:20t,20
2026-10-09T15:00Z,a4t:20t,19
2026-10-09T16:00Z,a4t:20t,26
2026-10-09T17:00Z,a4t:20t,26
2026-10-08T18:00Z,a4t:103t,11
2026-10-08T19:00Z,a4t:103t,13
2026-10-08T20:00Z,a4t:103t,12
2026-10-08T21:00Z,a4t:103t,16
2026-10-08T22:00Z,a4t:103t,15
2026-10-08T23:00Z,a4t:103t,19
2026-10-09T00:00Z,a4t:103t,15
2026-10-09T01:00Z,a4t:103t,18
2026-10-09T02:00Z,a4t:103t,28
2026-10-09T03:00Z,a4t:103t,33
2026-10-09T04:00Z,a4t:103t,40
2026-10-09T05:00Z,a4t:103t,29
2026-10-09T06:00Z,a4t:103t,21
2026-10-09T07:00Z,a4t:103t,18
2026-10-09T08:00Z,a4t:103t,14
2026-10-09T09:00Z,a4t:103t,10
2026-10-09T10:00Z,a4t:103t,8
2026-10-09T11:00Z,a4t:103t,7
2026-10-09T12:00Z,a4t:103t,6
2026-10-09T13:00Z,a4t:103t,7
2026-10-09T14:00Z,a4t:103t,10
2026-10-09T15:00Z,a4t:103t,12
2026-10-09T16:00Z,a4t:103t,14
2026-10-09T17:00Z,a4t:103t,13
2026-10-08T18:00Z,a4t:77t,29
2026-10-08T19:00Z,a4t:77t,29
2026-10-08T20:00Z,a4t:77t,33
2026-10-08T21:00Z,a4t:77t,24
2026-10-08T22:00Z,a4t:77t,29
2026-10-08T23:00Z,a4t:77t,31
2026-10-09T00:00Z,a4t:77t,28
2026-10-09T01:00Z,a4t:77t,24
2026-10-09T02:00Z,a4t:77t,22
2026-10-09T03:00Z,a4t:77t,21
2026-10-09T04:00Z,a4t:77t,21
2026-10-09T05:00Z,a4t:77t,18
2026-10-09T06:00Z,a4t:77t,20
2026-10-09T07:00Z,a4t:77t,10
2026-10-09T08:00Z,a4t:77t,16
2026-10-09T09:00Z,a4t:77t,16
2026-10-09T10:00Z,a4t:77t,20
2026-10-09T11:00Z,a4t:77t,16
2026-10-09T12:00Z,a4t:77t,23
2026-10-09T13:00Z,a4t:77t,29
2026-10-09T14:00Z,a4t:77t,26
2026-10-09T15:00Z,a4t:77t,30
2026-10-09T16:00Z,a4t:77t,37
2026-10-09T17:00Z,a4t:77t,25
2026-10-08T18:00Z,a4t:121t,41
2026-10-08T19:00Z,a4t:121t,42
2026-10-08T20:00Z,a4t:121t,39
2026-10-08T21:00Z,a4t:121t,39
2026-10-08T22:00Z,a4t:121t,36
2026-10-08T23:00Z,a4t:121t,38
2026-10-09T00:00Z,a4t:121t,40
2026-10-09T01:00Z,a4t:121t,42
2026-10-09T02:00Z,a4t:121t,41
2026-10-09T03:00Z,a4t:121t,40
2026-10-09T04:00Z,a4t:121t,39
2026-10-09T05:00Z,a4t:121t,39
2026-10-09T06:00Z,a4t:121t,41
2026-10-09T07:00Z,a4t:121t,40
2026-10-09T08:00Z,a4t:121t,39
2026-10-09T09:00Z,a4t:121t,38
2026-10-09T10:00Z,a4t:121t,33
2026-10-09T11:00Z,a4t:121t,33
2026-10-09T12:00Z,a4t:121t,34
2026-10-09T13:00Z,a4t:121t,30
2026-10-09T14:00Z,a4t:121t,23
2026-10-09T15:00Z,a4t:121t,20
2026-10-09T16:00Z,a4t:121t,20
2026-10-09T17:00Z,a4t:121t,20
2026-10-08T18:00Z,a4t:21t,37
2026-10-08T19:00Z,a4t:21t,36
2026-10-08T20:00Z,a4t:21t,34
2026-10-08T21:00Z,a4t:21t,24
2026-10-08T22:00Z,a4t:21t,28
2026-10-09T00:00Z,a4t:21t,1
2026-10-09T01:00Z,a4t:21t,16
2026-10-09T02:00Z,a4t:21t,15
2026-10-09T03:00Z,a4t:21t,15
2026-10-09T04:00Z,a4t:21t,9
2026-10-09T05:00Z,a4t:21t,8
2026-10-09T06:00Z,a4t:21t,7
2026-10-09T07:00Z,a4t:21t,63
2026-10-09T08:00Z,a4t:21t,72
2026-10-09T09:00Z,a4t:21t,35
2026-10-09T10:00Z,a4t:21t,18
2026-10-09T11:00Z,a4t:21t,15
2026-10-09T12:00Z,a4t:21t,24
2026-10-09T13:00Z,a4t:21t,17
2026-10-09T14:00Z,a4t:21t,14
2026-10-09T17:00Z,a4t:21t,1
2026-10-08T18:00Z,a4t:70t,17
2026-10-08T19:00Z,a4t:70t,17
2026-10-08T20:00Z,a4t:70t,16
2026-10-08T21:00Z,a4t:70t,16
2026-10-08T22:00Z,a4t:70t,14
2026-10-08T23:00Z,a4t:70t,14
2026-10-09T00:00Z,a4t:70t,14
2026-10-09T01:00Z,a4t:70t,15
2026-10-09T02:00Z,a4t:70t,16
2026-10-09T03:00Z,a4t:70t,15
2026-10-09T04:00Z,a4t:70t,15
2026-10-09T05:00Z,a4t:70t,16
2026-10-09T06:00Z,a4t:70t,17
2026-10-09T07:00Z,a4t:70t,14
2026-10-09T08:00Z,a4t:70t,14
2026-10-09T09:00Z,a4t:70t,16
2026-10-09T10:00Z,a4t:70t,17
2026-10-09T11:00Z,a4t:70t,15
2026-10-09T12:00Z,a4t:70t,17
2026-10-09T13:00Z,a4t:70t,24
2026-10-09T14:00Z,a4t:70t,21
2026-10-09T15:00Z,a4t:70t,20
2026-10-09T16:00Z,a4t:70t,22
2026-10-09T17:00Z,a4t:70t,20
2026-10-08T18:00Z,a4t:120t,36
2026-10-08T19:00Z,a4t:120t,34
2026-10-08T20:00Z,a4t:120t,30
2026-10-08T21:00Z,a4t:120t,29
2026-10-08T22:00Z,a4t:120t,30
2026-10-08T23:00Z,a4t:120t,32
2026-10-09T00:00Z,a4t:120t,34
2026-10-09T01:00Z,a4t:120t,32
2026-10-09T02:00Z,a4t:120t,30
2026-10-09T03:00Z,a4t:120t,29
2026-10-09T04:00Z,a4t:120t,25
2026-10-09T05:00Z,a4t:120t,25
2026-10-09T06:00Z,a4t:120t,26
2026-10-09T07:00Z,a4t:120t,26
2026-10-09T08:00Z,a4t:120t,22
2026-10-09T09:00Z,a4t:120t,21
2026-10-09T10:00Z,a4t:120t,19
2026-10-09T11:00Z,a4t:120t,18
2026-10-09T12:00Z,a4t:120t,21
2026-10-09T13:00Z,a4t:120t,19
2026-10-09T14:00Z,a4t:120t,13
2026-10-09T15:00Z,a4t:120t,13
2026-10-09T16:00Z,a4t:120t,7
2026-10-09T17:00Z,a4t:120t,3
2026-10-08T18:00Z,a4t:95t,5
2026-10-08T19:00Z,a4t:95t,5
2026-10-08T20:00Z,a4t:95t,5
2026-10-08T21:00Z,a4t:95t,8
2026-10-08T22:00Z,a4t:95t,7
2026-10-08T23:00Z,a4t:95t,6
2026-10-09T00:00Z,a4t:95t,7
2026-10-09T01:00Z,a4t:95t,8
2026-10-09T02:00Z,a4t:95t,9
2026-10-09T03:00Z,a4t:95t,14
2026-10-09T04:00Z,a4t:95t,17
2026-10-09T05:00Z,a4t:95t,16
2026-10-09T06:00Z,a4t:95t,14
2026-10-09T07:00Z,a4t:95t,12
2026-10-09T08:00Z,a4t:95t,11
2026-10-09T09:00Z,a4t:95t,11
2026-10-09T10:00Z,a4t:95t,12
2026-10-09T11:00Z,a4t:95t,9
2026-10-09T12:00Z,a4t:95t,10
2026-10-09T13:00Z,a4t:95t,19
2026-10-09T14:00Z,a4t:95t,23
2026-10-09T15:00Z,a4t:95t,23
2026-10-09T16:00Z,a4t:95t,22
2026-10-09T17:00Z,a4t:95t,19
2026-10-08T18:00Z,a4t:86t,7
2026-10-08T19:00Z,a4t:86t,8
2026-10-08T20:00Z,a4t:86t,8
2026-10-08T21:00Z,a4t:86t,9
2026-10-08T22:00Z,a4t:86t,9
2026-10-08T23:00Z,a4t:86t,9
2026-10-09T00:00Z,a4t:86t,10
2026-10-09T01:00Z,a4t:86t,11
2026-10-09T02:00Z,a4t:86t,13
2026-10-09T03:00Z,a4t:86t,14
2026-10-09T04:00Z,a4t:86t,14
2026-10-09T05:00Z,a4t:86t,13
2026-10-09T06:00Z,a4t:86t,12
2026-10-09T07:00Z,a4t:86t,11
2026-10-09T08:00Z,a4t:86t,12
2026-10-09T09:00Z,a4t:86t,12
2026-10-09T10:00Z,a4t:86t,14
2026-10-09T11:00Z,a4t:86t,16
2026-10-09T12:00Z,a4t:86t,19
2026-10-09T13:00Z,a4t:86t,22
2026-10-09T14:00Z,a4t:86t,26
2026-10-09T15:00Z,a4t:86t,20
2026-10-09T16:00Z,a4t:86t,18
2026-10-09T17:00Z,a4t:86t,17
2026-10-08T18:00Z,a4t:43t,34
2026-10-08T19:00Z,a4t:43t,33
2026-10-08T20:00Z,a4t:43t,30
2026-10-08T21:00Z,a4t:43t,27
2026-10-08T22:00Z,a4t:43t,28
2026-10-08T23:00Z,a4t:43t,27
2026-10-09T00:00Z,a4t:43t,29
2026-10-09T01:00Z,a4t:43t,28
2026-10-09T02:00Z,a4t:43t,27
2026-10-09T03:00Z,a4t:43t,26
2026-10-09T04:00Z,a4t:43t,24
2026-10-09T05:00Z,a4t:43t,23
2026-10-09T06:00Z,a4t:43t,24
2026-10-09T07:00Z,a4t:43t,23
2026-10-09T08:00Z,a4t:43t,19
2026-10-09T09:00Z,a4t:43t,19
2026-10-09T10:00Z,a4t:43t,16
2026-10-09T11:00Z,a4t:43t,17
2026-10-09T12:00Z,a4t:43t,19
2026-10-09T13:00Z,a4t:43t,17
2026-10-08T18:00Z,a4t:114t,19
2026-10-08T19:00Z,a4t:114t,19
2026-10-08T20:00Z,a4t:114t,18
2026-10-08T21:00Z,a4t:114t,23
2026-10-08T22:00Z,a4t:114t,19
2026-10-08T23:00Z,a4t:114t,23
2026-10-09T00:00Z,a4t:114t,27
2026-10-09T01:00Z,a4t:114t,20
2026-10-09T02:00Z,a4t:114t,27
2026-10-09T03:00Z,a4t:114t,26
2026-10-09T04:00Z,a4t:114t,20
2026-10-09T05:00Z,a4t:114t,20
2026-10-09T06:00Z,a4t:114t,17
2026-10-09T07:00Z,a4t:114t,18
2026-10-09T08:00Z,a4t:114t,17
2026-10-09T09:00Z,a4t:114t,19
2026-10-09T10:00Z,a4t:114t,23
2026-10-09T11:00Z,a4t:114t,28
2026-10-09T12:00Z,a4t:114t,36
2026-10-09T13:00Z,a4t:114t,35
2026-10-09T14:00Z,a4t:114t,37
2026-10-09T15:00Z,a4t:114t,30
2026-10-09T16:00Z,a4t:114t,35
2026-10-09T17:00Z,a4t:114t,28
2026-10-08T18:00Z,a4t:102t,19
2026-10-08T19:00Z,a4t:102t,19
2026-10-08T20:00Z,a4t:102t,17
2026-10-08T21:00Z,a4t:102t,22
2026-10-08T22:00Z,a4t:102t,22
2026-10-08T23:00Z,a4t:102t,25
2026-10-09T00:00Z,a4t:102t,24
2026-10-09T01:00Z,a4t:102t,31
2026-10-09T02:00Z,a4t:102t,30
2026-10-09T03:00Z,a4t:102t,32
2026-10-09T04:00Z,a4t:102t,31
2026-10-09T05:00Z,a4t:102t,34
2026-10-09T06:00Z,a4t:102t,28
2026-10-09T07:00Z,a4t:102t,24
2026-10-09T08:00Z,a4t:102t,24
2026-10-09T09:00Z,a4t:102t,27
2026-10-09T10:00Z,a4t:102t,27
2026-10-09T11:00Z,a4t:102t,24
2026-10-09T12:00Z,a4t:102t,17
2026-10-09T13:00Z,a4t:102t,16
2026-10-09T14:00Z,a4t:102t,20
2026-10-09T15:00Z,a4t:102t,18
2026-10-09T16:00Z,a4t:102t,18
2026-10-09T17:00Z,a4t:102t,11
2026-10-08T18:00Z,a4t:63t,40
2026-10-08T19:00Z,a4t:63t,41
2026-10-08T20:00Z,a4t:63t,39
2026-10-08T21:00Z,a4t:63t,38
2026-10-08T22:00Z,a4t:63t,37
2026-10-08T23:00Z,a4t:63t,38
2026-10-09T00:00Z,a4t:63t,41
2026-10-09T01:00Z,a4t:63t,43
2026-10-09T02:00Z,a4t:63t,41
2026-10-09T03:00Z,a4t:63t,41
2026-10-09T04:00Z,a4t:63t,39
2026-10-09T05:00Z,a4t:63t,39
2026-10-09T06:00Z,a4t:63t,41
2026-10-09T07:00Z,a4t:63t,41
2026-10-09T08:00Z,a4t:63t,39
2026-10-09T09:00Z,a4t:63t,38
2026-10-09T10:00Z,a4t:63t,34
2026-10-09T11:00Z,a4t:63t,33
2026-10-09T12:00Z,a4t:63t,35
2026-10-09T13:00Z,a4t:63t,31
2026-10-09T14:00Z,a4t:63t,23
2026-10-09T15:00Z,a4t:63t,20
2026-10-08T18:00Z,a4t:78t,40
2026-10-08T19:00Z,a4t:78t,42
2026-10-08T20:00Z,a4t:78t,39
2026-10-08T21:00Z,a4t:78t,39
2026-10-08T22:00Z,a4t:78t,37
2026-10-08T23:00Z,a4t:78t,38
2026-10-09T00:00Z,a4t:78t,41
2026-10-09T01:00Z,a4t:78t,42
2026-10-09T02:00Z,a4t:78t,41
2026-10-09T03:00Z,a4t:78t,40
2026-10-09T04:00Z,a4t:78t,39
2026-10-09T05:00Z,a4t:78t,38
2026-10-09T06:00Z,a4t:78t,40
2026-10-09T07:00Z,a4t:78t,40
2026-10-09T08:00Z,a4t:78t,39
2026-10-09T09:00Z,a4t:78t,38
2026-10-09T10:00Z,a4t:78t,34
2026-10-09T11:00Z,a4t:78t,33
2026-10-09T12:00Z,a4t:78t,35
2026-10-09T13:00Z,a4t:78t,31
2026-10-09T14:00Z,a4t:78t,22
2026-10-09T15:00Z,a4t:78t,19
2026-10-08T18:00Z,a4t:109t,8
2026-10-08T19:00Z,a4t:109t,11
2026-10-08T20:00Z,a4t:109t,14
2026-10-08T21:00Z,a4t:109t,11
2026-10-08T22:00Z,a4t:109t,12
2026-10-08T23:00Z,a4t:109t,14
2026-10-09T00:00Z,a4t:109t,17
2026-10-09T01:00Z,a4t:109t,16
2026-10-09T02:00Z,a4t:109t,15
2026-10-09T03:00Z,a4t:109t,17
2026-10-09T04:00Z,a4t:109t,19
2026-10-09T05:00Z,a4t:109t,21
2026-10-09T06:00Z,a4t:109t,23
2026-10-09T07:00Z,a4t:109t,19
2026-10-09T08:00Z,a4t:109t,21
2026-10-09T09:00Z,a4t:109t,24
2026-10-09T10:00Z,a4t:109t,24
2026-10-09T11:00Z,a4t:109t,26
2026-10-09T12:00Z,a4t:109t,30
2026-10-09T13:00Z,a4t:109t,37
2026-10-09T14:00Z,a4t:109t,30
2026-10-09T15:00Z,a4t:109t,19
2026-10-09T16:00Z,a4t:109t,16
2026-10-09T17:00Z,a4t:109t,12
2026-10-08T18:00Z,a4t:28t,14
2026-10-08T19:00Z,a4t:28t,17
2026-10-08T20:00Z,a4t:28t,20
2026-10-08T21:00Z,a4t:28t,20
2026-10-08T22:00Z,a4t:28t,23
2026-10-08T23:00Z,a4t:28t,17
2026-10-09T00:00Z,a4t:28t,16
2026-10-09T01:00Z,a4t:28t,12
2026-10-09T02:00Z,a4t:28t,8
2026-10-09T03:00Z,a4t:28t,14
2026-10-09T04:00Z,a4t:28t,18
2026-10-09T05:00Z,a4t:28t,13
2026-10-09T06:00Z,a4t:28t,13
2026-10-09T07:00Z,a4t:28t,9
2026-10-09T08:00Z,a4t:28t,10
2026-10-09T09:00Z,a4t:28t,6
2026-10-09T10:00Z,a4t:28t,5
2026-10-09T11:00Z,a4t:28t,3
2026-10-09T12:00Z,a4t:28t,8
2026-10-09T13:00Z,a4t:28t,9
2026-10-09T14:00Z,a4t:28t,6
2026-10-09T15:00Z,a4t:28t,11
2026-10-09T16:00Z,a4t:28t,13
2026-10-09T17:00Z,a4t:28t,12
2026-10-08T18:00Z,a4t:29t,58
2026-10-08T19:00Z,a4t:29t,46
2026-10-08T20:00Z,a4t:29t,42
2026-10-08T21:00Z,a4t:29t,41
2026-10-08T22:00Z,a4t:29t,44
2026-10-08T23:00Z,a4t:29t,38
2026-10-09T00:00Z,a4t:29t,29
2026-10-09T01:00Z,a4t:29t,23
2026-10-09T02:00Z,a4t:29t,18
2026-10-09T03:00Z,a4t:29t,20
2026-10-09T04:00Z,a4t:29t,26
2026-10-09T05:00Z,a4t:29t,24
2026-10-09T06:00Z,a4t:29t,23
2026-10-09T07:00Z,a4t:29t,22
2026-10-09T08:00Z,a4t:29t,25
2026-10-09T09:00Z,a4t:29t,22
2026-10-09T10:00Z,a4t:29t,21
2026-10-09T11:00Z,a4t:29t,24
2026-10-09T12:00Z,a4t:29t,24
2026-10-09T13:00Z,a4t:29t,23
2026-10-09T14:00Z,a4t:29t,27
2026-10-09T15:00Z,a4t:29t,29
2026-10-09T16:00Z,a4t:29t,28
2026-10-09T17:00Z,a4t:29t,27
2026-10-08T18:00Z,a4t:30t,26
2026-10-08T19:00Z,a4t:30t,22
2026-10-08T20:00Z,a4t:30t,32
2026-10-08T21:00Z,a4t:30t,32
2026-10-08T22:00Z,a4t:30t,28
2026-10-08T23:00Z,a4t:30t,25
2026-10-09T00:00Z,a4t:30t,29
2026-10-09T01:00Z,a4t:30t,31
2026-10-09T02:00Z,a4t:30t,29
2026-10-09T03:00Z,a4t:30t,33
2026-10-09T04:00Z,a4t:30t,33
2026-10-09T05:00Z,a4t:30t,28
2026-10-09T06:00Z,a4t:30t,21
2026-10-09T07:00Z,a4t:30t,21
2026-10-09T08:00Z,a4t:30t,21
2026-10-09T09:00Z,a4t:30t,16
2026-10-09T10:00Z,a4t:30t,13
2026-10-09T11:00Z,a4t:30t,11
2026-10-09T12:00Z,a4t:30t,9
2026-10-09T13:00Z,a4t:30t,9
2026-10-09T14:00Z,a4t:30t,14
2026-10-09T15:00Z,a4t:30t,18
2026-10-09T16:00Z,a4t:30t,16
2026-10-09T17:00Z,a4t:30t,13
2026-10-08T18:00Z,a4t:31t,35
2026-10-08T19:00Z,a4t:31t,33
2026-10-08T20:00Z,a4t:31t,35
2026-10-08T21:00Z,a4t:31t,35
2026-10-08T22:00Z,a4t:31t,36
2026-10-08T23:00Z,a4t:31t,29
2026-10-09T00:00Z,a4t:31t,22
2026-10-09T01:00Z,a4t:31t,18
2026-10-09T02:00Z,a4t:31t,14
2026-10-09T03:00Z,a4t:31t,11
2026-10-09T04:00Z,a4t:31t,9
2026-10-09T05:00Z,a4t:31t,9
2026-10-09T06:00Z,a4t:31t,10
2026-10-09T07:00Z,a4t:31t,12
2026-10-09T08:00Z,a4t:31t,15
2026-10-09T09:00Z,a4t:31t,17
2026-10-09T10:00Z,a4t:31t,15
2026-10-09T11:00Z,a4t:31t,12
2026-10-09T12:00Z,a4t:31t,13
2026-10-09T13:00Z,a4t:31t,14
2026-10-09T14:00Z,a4t:31t,23
2026-10-09T15:00Z,a4t:31t,28
2026-10-09T16:00Z,a4t:31t,32
2026-10-09T17:00Z,a4t:31t,26
2026-10-08T18:00Z,a4t:113t,15
2026-10-08T19:00Z,a4t:113t,15
2026-10-08T20:00Z,a4t:113t,16
2026-10-08T21:00Z,a4t:113t,16
2026-10-08T22:00Z,a4t:113t,17
2026-10-08T23:00Z,a4t:113t,20
2026-10-09T00:00Z,a4t:113t,23
2026-10-09T01:00Z,a4t:113t,26
2026-10-09T02:00Z,a4t:113t,29
2026-10-09T03:00Z,a4t:113t,32
2026-10-09T04:00Z,a4t:113t,31
2026-10-09T05:00Z,a4t:113t,28
2026-10-09T06:00Z,a4t:113t,26
2026-10-09T07:00Z,a4t:113t,24
2026-10-09T08:00Z,a4t:113t,27
2026-10-09T09:00Z,a4t:113t,32
2026-10-09T10:00Z,a4t:113t,33
2026-10-09T11:00Z,a4t:113t,34
2026-10-09T12:00Z,a4t:113t,37
2026-10-09T13:00Z,a4t:113t,43
2026-10-09T14:00Z,a4t:113t,45
2026-10-09T15:00Z,a4t:113t,46
2026-10-09T16:00Z,a4t:113t,42
2026-10-09T17:00Z,a4t:113t,36
2026-10-08T18:00Z,a4t:99t,17
2026-10-08T19:00Z,a4t:99t,23
2026-10-08T20:00Z,a4t:99t,28
2026-10-08T21:00Z,a4t:99t,22
2026-10-08T22:00Z,a4t:99t,26
2026-10-08T23:00Z,a4t:99t,21
2026-10-09T00:00Z,a4t:99t,23
2026-10-09T01:00Z,a4t:99t,23
2026-10-09T02:00Z,a4t:99t,14
2026-10-09T03:00Z,a4t:99t,17
2026-10-09T04:00Z,a4t:99t,20
2026-10-09T05:00Z,a4t:99t,15
2026-10-09T06:00Z,a4t:99t,14
2026-10-09T07:00Z,a4t:99t,15
2026-10-09T08:00Z,a4t:99t,12
2026-10-09T09:00Z,a4t:99t,17
2026-10-09T10:00Z,a4t:99t,20
2026-10-09T11:00Z,a4t:99t,9
2026-10-09T12:00Z,a4t:99t,29
2026-10-09T13:00Z,a4t:99t,22
2026-10-09T14:00Z,a4t:99t,24
2026-10-09T15:00Z,a4t:99t,9
2026-10-09T16:00Z,a4t:99t,7
2026-10-09T17:00Z,a4t:99t,15
2026-10-08T18:00Z,a4t:40t,15
2026-10-08T19:00Z,a4t:40t,16
2026-10-08T20:00Z,a4t:40t,15
2026-10-08T21:00Z,a4t:40t,15
2026-10-08T22:00Z,a4t:40t,13
2026-10-08T23:00Z,a4t:40t,13
2026-10-09T00:00Z,a4t:40t,14
2026-10-09T01:00Z,a4t:40t,14
2026-10-09T02:00Z,a4t:40t,15
2026-10-09T03:00Z,a4t:40t,15
2026-10-09T04:00Z,a4t:40t,15
2026-10-09T05:00Z,a4t:40t,15
2026-10-09T06:00Z,a4t:40t,16
2026-10-09T07:00Z,a4t:40t,14
2026-10-09T08:00Z,a4t:40t,13
2026-10-09T09:00Z,a4t:40t,15
2026-10-09T10:00Z,a4t:40t,16
2026-10-09T11:00Z,a4t:40t,15
2026-10-09T12:00Z,a4t:40t,15
2026-10-09T13:00Z,a4t:40t,28
2026-10-09T14:00Z,a4t:40t,23
2026-10-09T15:00Z,a4t:40t,21
2026-10-09T16:00Z,a4t:40t,18
2026-10-09T17:00Z,a4t:40t,17
2026-10-08T18:00Z,a4t:68t,17
2026-10-08T19:00Z,a4t:68t,17
2026-10-08T20:00Z,a4t:68t,16
2026-10-08T21:00Z,a4t:68t,15
2026-10-08T22:00Z,a4t:68t,14
2026-10-08T23:00Z,a4t:68t,14
2026-10-09T00:00Z,a4t:68t,14
2026-10-09T01:00Z,a4t:68t,15
2026-10-09T02:00Z,a4t:68t,16
2026-10-09T03:00Z,a4t:68t,15
2026-10-09T04:00Z,a4t:68t,15
2026-10-09T05:00Z,a4t:68t,16
2026-10-09T06:00Z,a4t:68t,16
2026-10-09T07:00Z,a4t:68t,14
2026-10-09T08:00Z,a4t:68t,14
2026-10-09T09:00Z,a4t:68t,16
2026-10-09T10:00Z,a4t:68t,17
2026-10-09T11:00Z,a4t:68t,15
2026-10-09T12:00Z,a4t:68t,16
2026-10-09T13:00Z,a4t:68t,20
2026-10-09T14:00Z,a4t:68t,23
2026-10-09T15:00Z,a4t:68t,19
2026-10-09T16:00Z,a4t:68t,24
2026-10-09T17:00Z,a4t:68t,23
2026-10-08T18:00Z,a4t:112t,11
2026-10-08T19:00Z,a4t:112t,10
2026-10-08T20:00Z,a4t:112t,11
2026-10-08T21:00Z,a4t:112t,11
2026-10-08T22:00Z,a4t:112t,12
2026-10-08T23:00Z,a4t:112t,14
2026-10-09T00:00Z,a4t:112t,14
2026-10-09T01:00Z,a4t:112t,15
2026-10-09T02:00Z,a4t:112t,16
2026-10-09T03:00Z,a4t:112t,15
2026-10-09T04:00Z,a4t:112t,13
2026-10-09T05:00Z,a4t:112t,11
2026-10-09T06:00Z,a4t:112t,12
2026-10-09T07:00Z,a4t:112t,11
2026-10-09T08:00Z,a4t:112t,12
2026-10-09T09:00Z,a4t:112t,10
2026-10-09T10:00Z,a4t:112t,12
2026-10-09T11:00Z,a4t:112t,15
2026-10-09T12:00Z,a4t:112t,18
2026-10-09T13:00Z,a4t:112t,20
2026-10-09T14:00Z,a4t:112t,20
2026-10-09T15:00Z,a4t:112t,18
2026-10-09T16:00Z,a4t:112t,15
2026-10-09T17:00Z,a4t:112t,12
2026-10-08T18:00Z,a4t:90t,17
2026-10-08T19:00Z,a4t:90t,22
2026-10-08T20:00Z,a4t:90t,14
2026-10-08T21:00Z,a4t:90t,18
2026-10-08T22:00Z,a4t:90t,20
2026-10-08T23:00Z,a4t:90t,16
2026-10-09T00:00Z,a4t:90t,16
2026-10-09T01:00Z,a4t:90t,14
2026-10-09T02:00Z,a4t:90t,11
2026-10-09T03:00Z,a4t:90t,12
2026-10-09T04:00Z,a4t:90t,14
2026-10-09T05:00Z,a4t:90t,18
2026-10-09T06:00Z,a4t:90t,24
2026-10-09T07:00Z,a4t:90t,22
2026-10-09T08:00Z,a4t:90t,15
2026-10-09T09:00Z,a4t:90t,16
2026-10-09T10:00Z,a4t:90t,20
2026-10-09T11:00Z,a4t:90t,15
2026-10-09T12:00Z,a4t:90t,14
2026-10-09T13:00Z,a4t:90t,16
2026-10-09T14:00Z,a4t:90t,17
2026-10-09T15:00Z,a4t:90t,17
2026-10-09T16:00Z,a4t:90t,18
2026-10-09T17:00Z,a4t:90t,16
2026-10-08T18:00Z,a4t:44t,41
2026-10-08T19:00Z,a4t:44t,44
2026-10-08T20:00Z,a4t:44t,40
2026-10-08T21:00Z,a4t:44t,40
2026-10-08T22:00Z,a4t:44t,37
2026-10-08T23:00Z,a4t:44t,39
2026-10-09T00:00Z,a4t:44t,42
2026-10-09T01:00Z,a4t:44t,42
2026-10-09T02:00Z,a4t:44t,41
2026-10-09T03:00Z,a4t:44t,41
2026-10-09T04:00Z,a4t:44t,39
2026-10-09T05:00Z,a4t:44t,38
2026-10-09T06:00Z,a4t:44t,40
2026-10-09T07:00Z,a4t:44t,37
2026-10-09T08:00Z,a4t:44t,36
2026-10-09T09:00Z,a4t:44t,30
2026-10-09T10:00Z,a4t:44t,28
2026-10-09T11:00Z,a4t:44t,27
2026-10-09T12:00Z,a4t:44t,30
2026-10-09T13:00Z,a4t:44t,27
2026-10-08T18:00Z,a4t:80t,36
2026-10-08T19:00Z,a4t:80t,37
2026-10-08T20:00Z,a4t:80t,32
2026-10-08T21:00Z,a4t:80t,30
2026-10-08T22:00Z,a4t:80t,31
2026-10-08T23:00Z,a4t:80t,29
2026-10-09T00:00Z,a4t:80t,30
2026-10-09T01:00Z,a4t:80t,29
2026-10-09T02:00Z,a4t:80t,28
2026-10-09T03:00Z,a4t:80t,27
2026-10-09T04:00Z,a4t:80t,25
2026-10-09T05:00Z,a4t:80t,25
2026-10-09T06:00Z,a4t:80t,26
2026-10-09T07:00Z,a4t:80t,24
2026-10-09T08:00Z,a4t:80t,21
2026-10-09T09:00Z,a4t:80t,20
2026-10-09T10:00Z,a4t:80t,18
2026-10-09T11:00Z,a4t:80t,19
2026-10-09T12:00Z,a4t:80t,20
2026-10-08T18:00Z,a4t:08t,55
2026-10-08T19:00Z,a4t:08t,58
2026-10-08T20:00Z,a4t:08t,44
2026-10-08T21:00Z,a4t:08t,37
2026-10-08T22:00Z,a4t:08t,35
2026-10-08T23:00Z,a4t:08t,35
2026-10-09T00:00Z,a4t:08t,38
2026-10-09T01:00Z,a4t:08t,29
2026-10-09T02:00Z,a4t:08t,24
2026-10-09T03:00Z,a4t:08t,23
2026-10-09T04:00Z,a4t:08t,22
2026-10-09T05:00Z,a4t:08t,26
2026-10-09T06:00Z,a4t:08t,24
2026-10-09T07:00Z,a4t:08t,28
2026-10-09T08:00Z,a4t:08t,27
2026-10-09T09:00Z,a4t:08t,26
2026-10-09T10:00Z,a4t:08t,20
2026-10-09T11:00Z,a4t:08t,27
2026-10-08T18:00Z,a4t:16t,39
2026-10-08T19:00Z,a4t:16t,40
2026-10-08T20:00Z,a4t:16t,47
2026-10-08T21:00Z,a4t:16t,41
2026-10-08T22:00Z,a4t:16t,38
2026-10-08T23:00Z,a4t:16t,38
2026-10-09T00:00Z,a4t:16t,35
2026-10-09T01:00Z,a4t:16t,31
2026-10-09T02:00Z,a4t:16t,27
2026-10-09T03:00Z,a4t:16t,23
2026-10-09T04:00Z,a4t:16t,20
2026-10-09T05:00Z,a4t:16t,16
2026-10-09T06:00Z,a4t:16t,20
2026-10-09T07:00Z,a4t:16t,26
2026-10-09T08:00Z,a4t:16t,28
2026-10-09T09:00Z,a4t:16t,17
2026-10-09T10:00Z,a4t:16t,15
2026-10-09T11:00Z,a4t:16t,18
2026-10-09T12:00Z,a4t:16t,17
2026-10-09T13:00Z,a4t:16t,15
2026-10-09T14:00Z,a4t:16t,17
2026-10-09T15:00Z,a4t:16t,16
2026-10-09T16:00Z,a4t:16t,14
2026-10-09T17:00Z,a4t:16t,14
2026-10-08T18:00Z,a4t:17t,54
2026-10-08T19:00Z,a4t:17t,52
2026-10-08T20:00Z,a4t:17t,45
2026-10-08T21:00Z,a4t:17t,38
2026-10-08T22:00Z,a4t:17t,30
2026-10-08T23:00Z,a4t:17t,24
2026-10-09T00:00Z,a4t:17t,24
2026-10-09T01:00Z,a4t:17t,25
2026-10-09T02:00Z,a4t:17t,16
2026-10-09T03:00Z,a4t:17t,11
2026-10-09T04:00Z,a4t:17t,10
2026-10-09T05:00Z,a4t:17t,12
2026-10-09T06:00Z,a4t:17t,15
2026-10-09T07:00Z,a4t:17t,15
2026-10-09T08:00Z,a4t:17t,15
2026-10-09T09:00Z,a4t:17t,17
2026-10-09T10:00Z,a4t:17t,11
2026-10-09T11:00Z,a4t:17t,19
2026-10-09T12:00Z,a4t:17t,24
2026-10-09T13:00Z,a4t:17t,20
2026-10-09T14:00Z,a4t:17t,17
2026-10-09T15:00Z,a4t:17t,20
2026-10-09T16:00Z,a4t:17t,23
2026-10-09T17:00Z,a4t:17t,25
2026-10-08T18:00Z,a4t:19t,51
2026-10-08T19:00Z,a4t:19t,46
2026-10-08T20:00Z,a4t:19t,30
2026-10-08T21:00Z,a4t:19t,31
2026-10-08T22:00Z,a4t:19t,30
2026-10-08T23:00Z,a4t:19t,32
2026-10-09T00:00Z,a4t:19t,32
2026-10-09T01:00Z,a4t:19t,28
2026-10-09T02:00Z,a4t:19t,19
2026-10-09T03:00Z,a4t:19t,15
2026-10-09T04:00Z,a4t:19t,13
2026-10-09T05:00Z,a4t:19t,14
2026-10-09T06:00Z,a4t:19t,12
2026-10-09T07:00Z,a4t:19t,14
2026-10-09T08:00Z,a4t:19t,17
2026-10-09T09:00Z,a4t:19t,13
2026-10-09T10:00Z,a4t:19t,12
2026-10-09T11:00Z,a4t:19t,12
2026-10-09T12:00Z,a4t:19t,22
2026-10-09T13:00Z,a4t:19t,19
2026-10-09T14:00Z,a4t:19t,24
2026-10-09T15:00Z,a4t:19t,21
2026-10-09T16:00Z,a4t:19t,22
2026-10-09T17:00Z,a4t:19t,20
2026-10-08T18:00Z,a4t:84t,22
2026-10-08T19:00Z,a4t:84t,22
2026-10-08T20:00Z,a4t:84t,24
2026-10-08T21:00Z,a4t:84t,24
2026-10-08T22:00Z,a4t:84t,22
2026-10-08T23:00Z,a4t:84t,23
2026-10-09T00:00Z,a4t:84t,23
2026-10-09T01:00Z,a4t:84t,24
2026-10-09T02:00Z,a4t:84t,24
2026-10-09T03:00Z,a4t:84t,22
2026-10-09T04:00Z,a4t:84t,22
2026-10-09T05:00Z,a4t:84t,22
2026-10-09T06:00Z,a4t:84t,25
2026-10-09T07:00Z,a4t:84t,29
2026-10-09T08:00Z,a4t:84t,23
2026-10-09T09:00Z,a4t:84t,17
2026-10-09T10:00Z,a4t:84t,19
2026-10-09T11:00Z,a4t:84t,18
2026-10-09T12:00Z,a4t:84t,21
2026-10-09T13:00Z,a4t:84t,18
2026-10-09T14:00Z,a4t:84t,18
2026-10-09T15:00Z,a4t:84t,15
2026-10-09T16:00Z,a4t:84t,16
2026-10-09T17:00Z,a4t:84t,16
2026-10-08T18:00Z,a4t:14t,36
2026-10-08T19:00Z,a4t:14t,34
2026-10-08T20:00Z,a4t:14t,26
2026-10-08T21:00Z,a4t:14t,29
2026-10-08T22:00Z,a4t:14t,28
2026-10-08T23:00Z,a4t:14t,26
2026-10-09T00:00Z,a4t:14t,30
2026-10-09T01:00Z,a4t:14t,30
2026-10-09T02:00Z,a4t:14t,31
2026-10-09T03:00Z,a4t:14t,21
2026-10-09T04:00Z,a4t:14t,20
2026-10-09T05:00Z,a4t:14t,23
2026-10-09T06:00Z,a4t:14t,20
2026-10-09T07:00Z,a4t:14t,20
2026-10-09T08:00Z,a4t:14t,17
2026-10-09T09:00Z,a4t:14t,18
2026-10-09T10:00Z,a4t:14t,24
2026-10-09T11:00Z,a4t:14t,26
2026-10-09T12:00Z,a4t:14t,32
2026-10-09T13:00Z,a4t:14t,12
2026-10-09T14:00Z,a4t:14t,16
2026-10-09T15:00Z,a4t:14t,19
2026-10-09T16:00Z,a4t:14t,22
2026-10-09T17:00Z,a4t:14t,26
2026-10-08T18:00Z,a4t:27t,50
2026-10-08T19:00Z,a4t:27t,45
2026-10-08T20:00Z,a4t:27t,48
2026-10-08T21:00Z,a4t:27t,51
2026-10-08T22:00Z,a4t:27t,46
2026-10-08T23:00Z,a4t:27t,50
2026-10-09T00:00Z,a4t:27t,56
2026-10-09T01:00Z,a4t:27t,67
2026-10-09T02:00Z,a4t:27t,69
2026-10-09T03:00Z,a4t:27t,50
2026-10-09T04:00Z,a4t:27t,43
2026-10-09T05:00Z,a4t:27t,34
2026-10-09T06:00Z,a4t:27t,34
2026-10-09T07:00Z,a4t:27t,38
2026-10-09T08:00Z,a4t:27t,35
2026-10-09T09:00Z,a4t:27t,33
2026-10-09T10:00Z,a4t:27t,30
2026-10-09T11:00Z,a4t:27t,29
2026-10-09T12:00Z,a4t:27t,36
2026-10-09T13:00Z,a4t:27t,17
2026-10-09T14:00Z,a4t:27t,19
2026-10-09T15:00Z,a4t:27t,31
2026-10-09T16:00Z,a4t:27t,26
2026-10-09T17:00Z,a4t:27t,42
2026-10-08T18:00Z,a4t:25t,22
2026-10-08T19:00Z,a4t:25t,22
2026-10-08T20:00Z,a4t:25t,20
2026-10-08T21:00Z,a4t:25t,28
2026-10-08T22:00Z,a4t:25t,29
2026-10-08T23:00Z,a4t:25t,25
2026-10-09T00:00Z,a4t:25t,37
2026-10-09T01:00Z,a4t:25t,36
2026-10-09T02:00Z,a4t:25t,27
2026-10-09T03:00Z,a4t:25t,16
2026-10-09T04:00Z,a4t:25t,19
2026-10-09T05:00Z,a4t:25t,23
2026-10-09T06:00Z,a4t:25t,16
2026-10-09T07:00Z,a4t:25t,21
2026-10-09T08:00Z,a4t:25t,8
2026-10-09T09:00Z,a4t:25t,15
2026-10-09T10:00Z,a4t:25t,14
2026-10-09T11:00Z,a4t:25t,15
2026-10-09T12:00Z,a4t:25t,22
2026-10-09T13:00Z,a4t:25t,21
2026-10-09T14:00Z,a4t:25t,13
2026-10-09T15:00Z,a4t:25t,21
2026-10-09T16:00Z,a4t:25t,21
2026-10-09T17:00Z,a4t:25t,23
2026-10-08T18:00Z,a4t:104t,10
2026-10-08T19:00Z,a4t:104t,13
2026-10-08T20:00Z,a4t:104t,13
2026-10-08T21:00Z,a4t:104t,11
2026-10-08T22:00Z,a4t:104t,10
2026-10-08T23:00Z,a4t:104t,11
2026-10-09T00:00Z,a4t:104t,14
2026-10-09T01:00Z,a4t:104t,17
2026-10-09T02:00Z,a4t:104t,18
2026-10-09T03:00Z,a4t:104t,20
2026-10-09T04:00Z,a4t:104t,19
2026-10-09T05:00Z,a4t:104t,14
2026-10-09T06:00Z,a4t:104t,14
2026-10-09T07:00Z,a4t:104t,15
2026-10-09T08:00Z,a4t:104t,13
2026-10-09T09:00Z,a4t:104t,14
2026-10-09T10:00Z,a4t:104t,15
2026-10-09T11:00Z,a4t:104t,17
2026-10-09T12:00Z,a4t:104t,20
2026-10-09T13:00Z,a4t:104t,19
2026-10-09T14:00Z,a4t:104t,10
2026-10-09T15:00Z,a4t:104t,8
2026-10-09T16:00Z,a4t:104t,12
2026-10-09T17:00Z,a4t:104t,12
2026-10-08T18:00Z,a4t:85t,1
2026-10-08T19:00Z,a4t:85t,12
2026-10-08T20:00Z,a4t:85t,16
2026-10-08T21:00Z,a4t:85t,18
2026-10-08T22:00Z,a4t:85t,26
2026-10-08T23:00Z,a4t:85t,26
2026-10-09T00:00Z,a4t:85t,14
2026-10-09T01:00Z,a4t:85t,16
2026-10-09T02:00Z,a4t:85t,20
2026-10-09T03:00Z,a4t:85t,17
2026-10-09T04:00Z,a4t:85t,13
2026-10-09T05:00Z,a4t:85t,17
2026-10-09T06:00Z,a4t:85t,14
2026-10-09T07:00Z,a4t:85t,2
2026-10-09T08:00Z,a4t:85t,1
2026-10-09T09:00Z,a4t:85t,13
2026-10-09T10:00Z,a4t:85t,18
2026-10-09T11:00Z,a4t:85t,21
2026-10-09T12:00Z,a4t:85t,22
2026-10-09T13:00Z,a4t:85t,20
2026-10-09T14:00Z,a4t:85t,19
2026-10-09T15:00Z,a4t:85t,18
2026-10-09T16:00Z,a4t:85t,11
2026-10-09T17:00Z,a4t:85t,12
2026-10-08T18:00Z,a4t:42t,34
2026-10-08T19:00Z,a4t:42t,34
2026-10-08T20:00Z,a4t:42t,30
2026-10-08T21:00Z,a4t:42t,27
2026-10-08T22:00Z,a4t:42t,28
2026-10-08T23:00Z,a4t:42t,28
2026-10-09T00:00Z,a4t:42t,29
2026-10-09T01:00Z,a4t:42t,28
2026-10-09T02:00Z,a4t:42t,28
2026-10-09T03:00Z,a4t:42t,25
2026-10-09T04:00Z,a4t:42t,24
2026-10-09T05:00Z,a4t:42t,24
2026-10-09T06:00Z,a4t:42t,25
2026-10-09T07:00Z,a4t:42t,23
2026-10-09T08:00Z,a4t:42t,20
2026-10-09T09:00Z,a4t:42t,20
2026-10-09T10:00Z,a4t:42t,17
2026-10-09T11:00Z,a4t:42t,18
2026-10-09T12:00Z,a4t:42t,19
2026-10-08T18:00Z,a4t:111t,14
2026-10-08T19:00Z,a4t:111t,13
2026-10-08T20:00Z,a4t:111t,12
2026-10-08T21:00Z,a4t:111t,13
2026-10-08T22:00Z,a4t:111t,15
2026-10-08T23:00Z,a4t:111t,14
2026-10-09T00:00Z,a4t:111t,15
2026-10-09T01:00Z,a4t:111t,15
2026-10-09T02:00Z,a4t:111t,14
2026-10-09T03:00Z,a4t:111t,14
2026-10-09T04:00Z,a4t:111t,13
2026-10-09T05:00Z,a4t:111t,13
2026-10-09T06:00Z,a4t:111t,13
2026-10-09T07:00Z,a4t:111t,12
2026-10-09T08:00Z,a4t:111t,12
2026-10-09T09:00Z,a4t:111t,12
2026-10-09T10:00Z,a4t:111t,14
2026-10-09T11:00Z,a4t:111t,18
2026-10-09T12:00Z,a4t:111t,18
2026-10-09T13:00Z,a4t:111t,20
2026-10-09T14:00Z,a4t:111t,22
2026-10-09T15:00Z,a4t:111t,23
2026-10-09T16:00Z,a4t:111t,19
2026-10-09T17:00Z,a4t:111t,15
2026-10-08T18:00Z,a4t:96t,13
2026-10-08T19:00Z,a4t:96t,12
2026-10-08T20:00Z,a4t:96t,12
2026-10-08T21:00Z,a4t:96t,13
2026-10-08T22:00Z,a4t:96t,12
2026-10-08T23:00Z,a4t:96t,11
2026-10-09T00:00Z,a4t:96t,10
2026-10-09T01:00Z,a4t:96t,11
2026-10-09T02:00Z,a4t:96t,11
2026-10-09T03:00Z,a4t:96t,11
2026-10-09T04:00Z,a4t:96t,11
2026-10-09T05:00Z,a4t:96t,11
2026-10-09T06:00Z,a4t:96t,10
2026-10-09T07:00Z,a4t:96t,10
2026-10-09T08:00Z,a4t:96t,10
2026-10-09T09:00Z,a4t:96t,11
2026-10-09T10:00Z,a4t:96t,13
2026-10-09T11:00Z,a4t:96t,18
2026-10-09T12:00Z,a4t:96t,23
2026-10-09T13:00Z,a4t:96t,20
2026-10-09T14:00Z,a4t:96t,15
2026-10-09T15:00Z,a4t:96t,14
2026-10-09T16:00Z,a4t:96t,15
2026-10-09T17:00Z,a4t:96t,15
2026-10-08T18:00Z,a4t:82t,22
2026-10-08T19:00Z,a4t:82t,21
2026-10-08T20:00Z,a4t:82t,19
2026-10-08T21:00Z,a4t:82t,19
2026-10-08T22:00Z,a4t:82t,20
2026-10-08T23:00Z,a4t:82t,19
2026-10-09T00:00Z,a4t:82t,19
2026-10-09T01:00Z,a4t:82t,22
2026-10-09T02:00Z,a4t:82t,24
2026-10-09T03:00Z,a4t:82t,20
2026-10-09T04:00Z,a4t:82t,19
2026-10-09T05:00Z,a4t:82t,20
2026-10-09T06:00Z,a4t:82t,17
2026-10-09T07:00Z,a4t:82t,16
2026-10-09T08:00Z,a4t:82t,17
2026-10-09T09:00Z,a4t:82t,17
2026-10-09T10:00Z,a4t:82t,19
2026-10-09T11:00Z,a4t:82t,19
2026-10-09T12:00Z,a4t:82t,25
2026-10-09T13:00Z,a4t:82t,27
2026-10-09T14:00Z,a4t:82t,20
2026-10-09T15:00Z,a4t:82t,24
2026-10-09T16:00Z,a4t:82t,22
2026-10-09T17:00Z,a4t:82t,21
2026-10-08T18:00Z,a4t:115t,9
2026-10-08T19:00Z,a4t:115t,14
2026-10-08T20:00Z,a4t:115t,7
2026-10-08T21:00Z,a4t:115t,10
2026-10-08T22:00Z,a4t:115t,11
2026-10-08T23:00Z,a4t:115t,20
2026-10-09T00:00Z,a4t:115t,13
2026-10-09T01:00Z,a4t:115t,23
2026-10-09T02:00Z,a4t:115t,27
2026-10-09T03:00Z,a4t:115t,20
2026-10-09T04:00Z,a4t:115t,18
2026-10-09T05:00Z,a4t:115t,17
2026-10-09T06:00Z,a4t:115t,14
2026-10-09T07:00Z,a4t:115t,18
2026-10-09T08:00Z,a4t:115t,15
2026-10-09T09:00Z,a4t:115t,9
2026-10-09T10:00Z,a4t:115t,9
2026-10-09T11:00Z,a4t:115t,11
2026-10-09T12:00Z,a4t:115t,19
2026-10-09T13:00Z,a4t:115t,15
2026-10-09T14:00Z,a4t:115t,14
2026-10-09T15:00Z,a4t:115t,23
2026-10-09T16:00Z,a4t:115t,20
2026-10-09T17:00Z,a4t:115t,18
2026-10-08T18:00Z,a4t:110t,15
2026-10-08T19:00Z,a4t:110t,15
2026-10-08T20:00Z,a4t:110t,16
2026-10-08T21:00Z,a4t:110t,15
2026-10-08T22:00Z,a4t:110t,15
2026-10-08T23:00Z,a4t:110t,17
2026-10-09T00:00Z,a4t:110t,23
2026-10-09T01:00Z,a4t:110t,28
2026-10-09T02:00Z,a4t:110t,26
2026-10-09T03:00Z,a4t:110t,28
2026-10-09T04:00Z,a4t:110t,26
2026-10-09T05:00Z,a4t:110t,20
2026-10-09T06:00Z,a4t:110t,18
2026-10-09T07:00Z,a4t:110t,13
2026-10-09T08:00Z,a4t:110t,18
2026-10-09T09:00Z,a4t:110t,17
2026-10-09T10:00Z,a4t:110t,20
2026-10-09T11:00Z,a4t:110t,18
2026-10-09T12:00Z,a4t:110t,19
2026-10-09T13:00Z,a4t:110t,20
2026-10-09T14:00Z,a4t:110t,18
2026-10-09T15:00Z,a4t:110t,17
2026-10-09T16:00Z,a4t:110t,18
2026-10-09T17:00Z,a4t:110t,12
2026-10-08T18:00Z,a4t:91t,19
2026-10-08T19:00Z,a4t:91t,24
2026-10-08T20:00Z,a4t:91t,30
2026-10-08T21:00Z,a4t:91t,29
2026-10-08T22:00Z,a4t:91t,23
2026-10-08T23:00Z,a4t:91t,9
2026-10-09T00:00Z,a4t:91t,7
2026-10-09T01:00Z,a4t:91t,19
2026-10-09T02:00Z,a4t:91t,21
2026-10-09T03:00Z,a4t:91t,20
2026-10-09T04:00Z,a4t:91t,18
2026-10-09T05:00Z,a4t:91t,22
2026-10-09T06:00Z,a4t:91t,12
2026-10-09T07:00Z,a4t:91t,7
2026-10-09T08:00Z,a4t:91t,9
2026-10-09T09:00Z,a4t:91t,10
2026-10-09T10:00Z,a4t:91t,13
2026-10-09T11:00Z,a4t:91t,17
2026-10-09T12:00Z,a4t:91t,22
2026-10-09T13:00Z,a4t:91t,26
2026-10-09T14:00Z,a4t:91t,25
2026-10-09T15:00Z,a4t:91t,20
2026-10-09T16:00Z,a4t:91t,14
2026-10-09T17:00Z,a4t:91t,11
2026-10-08T18:00Z,a4t:92t,12
2026-10-08T19:00Z,a4t:92t,12
2026-10-08T20:00Z,a4t:92t,9
2026-10-08T21:00Z,a4t:92t,10
2026-10-08T22:00Z,a4t:92t,10
2026-10-08T23:00Z,a4t:92t,11
2026-10-09T00:00Z,a4t:92t,13
2026-10-09T01:00Z,a4t:92t,14
2026-10-09T02:00Z,a4t:92t,16
2026-10-09T03:00Z,a4t:92t,15
2026-10-09T04:00Z,a4t:92t,15
2026-10-09T05:00Z,a4t:92t,16
2026-10-09T06:00Z,a4t:92t,15
2026-10-09T07:00Z,a4t:92t,14
2026-10-09T08:00Z,a4t:92t,14
2026-10-09T09:00Z,a4t:92t,15
2026-10-09T10:00Z,a4t:92t,14
2026-10-09T11:00Z,a4t:92t,12
2026-10-09T12:00Z,a4t:92t,13
2026-10-09T13:00Z,a4t:92t,22
2026-10-09T14:00Z,a4t:92t,21
2026-10-09T15:00Z,a4t:92t,18
2026-10-09T16:00Z,a4t:92t,19
2026-10-09T17:00Z,a4t:92t,18
2026-10-08T18:00Z,a4t:98t,15
2026-10-08T19:00Z,a4t:98t,14
2026-10-08T20:00Z,a4t:98t,10
2026-10-08T21:00Z,a4t:98t,10
2026-10-08T22:00Z,a4t:98t,12
2026-10-08T23:00Z,a4t:98t,12
2026-10-09T00:00Z,a4t:98t,14
2026-10-09T01:00Z,a4t:98t,15
2026-10-09T02:00Z,a4t:98t,17
2026-10-09T03:00Z,a4t:98t,16
2026-10-09T04:00Z,a4t:98t,16
2026-10-09T05:00Z,a4t:98t,17
2026-10-09T06:00Z,a4t:98t,16
2026-10-09T07:00Z,a4t:98t,14
2026-10-09T08:00Z,a4t:98t,14
2026-10-09T09:00Z,a4t:98t,15
2026-10-09T10:00Z,a4t:98t,14
2026-10-09T11:00Z,a4t:98t,12
2026-10-09T12:00Z,a4t:98t,13
2026-10-09T13:00Z,a4t:98t,19
2026-10-09T14:00Z,a4t:98t,20
2026-10-09T15:00Z,a4t:98t,19
2026-10-09T16:00Z,a4t:98t,18
2026-10-09T17:00Z,a4t:98t,19
2026-10-08T18:00Z,a4t:83t,14
2026-10-08T19:00Z,a4t:83t,14
2026-10-08T20:00Z,a4t:83t,14
2026-10-08T21:00Z,a4t:83t,15
2026-10-08T22:00Z,a4t:83t,16
2026-10-08T23:00Z,a4t:83t,17
2026-10-09T00:00Z,a4t:83t,19
2026-10-09T01:00Z,a4t:83t,20
2026-10-09T02:00Z,a4t:83t,19
2026-10-09T03:00Z,a4t:83t,19
2026-10-09T04:00Z,a4t:83t,14
2026-10-09T05:00Z,a4t:83t,13
2026-10-09T06:00Z,a4t:83t,13
2026-10-09T07:00Z,a4t:83t,13
2026-10-09T08:00Z,a4t:83t,12
2026-10-09T09:00Z,a4t:83t,11
2026-10-09T10:00Z,a4t:83t,11
2026-10-09T11:00Z,a4t:83t,13
2026-10-09T12:00Z,a4t:83t,15
2026-10-09T13:00Z,a4t:83t,13
2026-10-09T14:00Z,a4t:83t,11
2026-10-09T15:00Z,a4t:83t,10
2026-10-09T16:00Z,a4t:83t,10
2026-10-09T17:00Z,a4t:83t,10
2026-10-08T18:00Z,a4t:116t,13
2026-10-08T19:00Z,a4t:116t,18
2026-10-08T20:00Z,a4t:116t,18
2026-10-08T21:00Z,a4t:116t,21
2026-10-08T22:00Z,a4t:116t,21
2026-10-08T23:00Z,a4t:116t,18
2026-10-09T00:00Z,a4t:116t,25
2026-10-09T01:00Z,a4t:116t,23
2026-10-09T02:00Z,a4t:116t,23
2026-10-09T03:00Z,a4t:116t,24
2026-10-09T04:00Z,a4t:116t,25
2026-10-09T05:00Z,a4t:116t,20
2026-10-09T06:00Z,a4t:116t,22
2026-10-09T07:00Z,a4t:116t,20
2026-10-09T08:00Z,a4t:116t,19
2026-10-09T09:00Z,a4t:116t,18
2026-10-09T10:00Z,a4t:116t,17
2026-10-09T11:00Z,a4t:116t,20
2026-10-09T12:00Z,a4t:116t,18
2026-10-09T13:00Z,a4t:116t,23
2026-10-09T14:00Z,a4t:116t,23
2026-10-09T15:00Z,a4t:116t,25
2026-10-09T16:00Z,a4t:116t,20
2026-10-09T17:00Z,a4t:116t,15
2026-10-08T18:00Z,a4t:73t,14
2026-10-08T19:00Z,a4t:73t,17
2026-10-08T20:00Z,a4t:73t,14
2026-10-08T21:00Z,a4t:73t,14
2026-10-08T22:00Z,a4t:73t,19
2026-10-08T23:00Z,a4t:73t,15
2026-10-09T00:00Z,a4t:73t,21
2026-10-09T01:00Z,a4t:73t,21
2026-10-09T02:00Z,a4t:73t,22
2026-10-09T03:00Z,a4t:73t,20
2026-10-09T04:00Z,a4t:73t,26
2026-10-09T05:00Z,a4t:73t,20
2026-10-09T06:00Z,a4t:73t,17
2026-10-09T07:00Z,a4t:73t,22
2026-10-09T08:00Z,a4t:73t,24
2026-10-09T09:00Z,a4t:73t,22
2026-10-09T10:00Z,a4t:73t,20
2026-10-09T11:00Z,a4t:73t,24
2026-10-09T12:00Z,a4t:73t,28
2026-10-09T13:00Z,a4t:73t,28
2026-10-09T14:00Z,a4t:73t,27
2026-10-09T15:00Z,a4t:73t,23
2026-10-09T16:00Z,a4t:73t,31
2026-10-09T17:00Z,a4t:73t,19
2026-10-08T18:00Z,a4t:35t,15
2026-10-08T19:00Z,a4t:35t,19
2026-10-08T20:00Z,a4t:35t,18
2026-10-08T21:00Z,a4t:35t,16
2026-10-08T22:00Z,a4t:35t,14
2026-10-08T23:00Z,a4t:35t,17
2026-10-09T00:00Z,a4t:35t,16
2026-10-09T01:00Z,a4t:35t,17
2026-10-09T02:00Z,a4t:35t,11
2026-10-09T03:00Z,a4t:35t,17
2026-10-09T04:00Z,a4t:35t,19
2026-10-09T05:00Z,a4t:35t,16
2026-10-09T06:00Z,a4t:35t,14
2026-10-09T07:00Z,a4t:35t,17
2026-10-09T08:00Z,a4t:35t,16
2026-10-09T09:00Z,a4t:35t,19
2026-10-09T10:00Z,a4t:35t,19
2026-10-09T11:00Z,a4t:35t,17
2026-10-09T12:00Z,a4t:35t,20
2026-10-09T13:00Z,a4t:35t,21
2026-10-09T14:00Z,a4t:35t,23
2026-10-09T15:00Z,a4t:35t,19
2026-10-09T16:00Z,a4t:35t,20
2026-10-09T17:00Z,a4t:35t,16
2026-10-08T18:00Z,a4t:36t,16
2026-10-08T19:00Z,a4t:36t,8
2026-10-08T20:00Z,a4t:36t,12
2026-10-08T21:00Z,a4t:36t,17
2026-10-08T22:00Z,a4t:36t,19
2026-10-08T23:00Z,a4t:36t,12
2026-10-09T00:00Z,a4t:36t,9
2026-10-09T01:00Z,a4t:36t,10
2026-10-09T02:00Z,a4t:36t,14
2026-10-09T03:00Z,a4t:36t,16
2026-10-09T04:00Z,a4t:36t,15
2026-10-09T05:00Z,a4t:36t,10
2026-10-09T06:00Z,a4t:36t,8
2026-10-09T07:00Z,a4t:36t,9
2026-10-09T08:00Z,a4t:36t,10
2026-10-09T09:00Z,a4t:36t,9
2026-10-09T10:00Z,a4t:36t,10
2026-10-09T11:00Z,a4t:36t,8
2026-10-09T12:00Z,a4t:36t,11
2026-10-09T13:00Z,a4t:36t,14
2026-10-09T14:00Z,a4t:36t,15
2026-10-09T15:00Z,a4t:36t,14
2026-10-09T16:00Z,a4t:36t,13
2026-10-09T17:00Z,a4t:36t,10
2026-10-08T18:00Z,a4t:97t,12
2026-10-08T19:00Z,a4t:97t,11
2026-10-08T20:00Z,a4t:97t,10
2026-10-08T21:00Z,a4t:97t,10
2026-10-08T22:00Z,a4t:97t,11
2026-10-08T23:00Z,a4t:97t,11
2026-10-09T00:00Z,a4t:97t,13
2026-10-09T01:00Z,a4t:97t,19
2026-10-09T02:00Z,a4t:97t,17
2026-10-09T03:00Z,a4t:97t,18
2026-10-09T04:00Z,a4t:97t,17
2026-10-09T05:00Z,a4t:97t,18
2026-10-09T06:00Z,a4t:97t,16
2026-10-09T07:00Z,a4t:97t,10
2026-10-09T08:00Z,a4t:97t,9
2026-10-09T09:00Z,a4t:97t,11
2026-10-09T10:00Z,a4t:97t,16
2026-10-09T11:00Z,a4t:97t,16
2026-10-09T12:00Z,a4t:97t,11
2026-10-09T13:00Z,a4t:97t,29
2026-10-09T14:00Z,a4t:97t,16
2026-10-09T15:00Z,a4t:97t,17
2026-10-09T16:00Z,a4t:97t,12
2026-10-09T17:00Z,a4t:97t,11
2026-10-08T18:00Z,a4t:69t,16
2026-10-08T19:00Z,a4t:69t,17
2026-10-08T20:00Z,a4t:69t,15
2026-10-08T21:00Z,a4t:69t,15
2026-10-08T22:00Z,a4t:69t,14
2026-10-08T23:00Z,a4t:69t,13
2026-10-09T00:00Z,a4t:69t,14
2026-10-09T01:00Z,a4t:69t,14
2026-10-09T02:00Z,a4t:69t,16
2026-10-09T03:00Z,a4t:69t,15
2026-10-09T04:00Z,a4t:69t,15
2026-10-09T05:00Z,a4t:69t,16
2026-10-09T06:00Z,a4t:69t,16
2026-10-09T07:00Z,a4t:69t,14
2026-10-09T08:00Z,a4t:69t,14
2026-10-09T09:00Z,a4t:69t,15
2026-10-09T10:00Z,a4t:69t,16
2026-10-09T11:00Z,a4t:69t,15
2026-10-09T12:00Z,a4t:69t,16
2026-10-09T13:00Z,a4t:69t,23
2026-10-09T14:00Z,a4t:69t,13
2026-10-09T15:00Z,a4t:69t,13
2026-10-09T16:00Z,a4t:69t,17
2026-10-09T17:00Z,a4t:69t,19
2026-10-08T18:00Z,a4t:58t,7
2026-10-08T19:00Z,a4t:58t,8
2026-10-08T20:00Z,a4t:58t,7
2026-10-08T21:00Z,a4t:58t,7
2026-10-08T22:00Z,a4t:58t,10
2026-10-08T23:00Z,a4t:58t,8
2026-10-09T00:00Z,a4t:58t,7
2026-10-09T01:00Z,a4t:58t,9
2026-10-09T02:00Z,a4t:58t,9
2026-10-09T03:00Z,a4t:58t,12
2026-10-09T04:00Z,a4t:58t,10
2026-10-09T05:00Z,a4t:58t,11
2026-10-09T06:00Z,a4t:58t,12
2026-10-09T07:00Z,a4t:58t,11
2026-10-09T08:00Z,a4t:58t,9
2026-10-09T09:00Z,a4t:58t,10
2026-10-09T10:00Z,a4t:58t,11
2026-10-09T11:00Z,a4t:58t,15
2026-10-09T12:00Z,a4t:58t,17
2026-10-09T13:00Z,a4t:58t,16
2026-10-09T14:00Z,a4t:58t,13
2026-10-09T15:00Z,a4t:58t,10
2026-10-09T16:00Z,a4t:58t,14
2026-10-09T17:00Z,a4t:58t,13
2026-10-08T18:00Z,a4t:05t,29
2026-10-08T19:00Z,a4t:05t,28
2026-10-08T20:00Z,a4t:05t,22
2026-10-08T21:00Z,a4t:05t,20
2026-10-08T22:00Z,a4t:05t,22
2026-10-08T23:00Z,a4t:05t,23
2026-10-09T00:00Z,a4t:05t,27
2026-10-09T01:00Z,a4t:05t,26
2026-10-09T02:00Z,a4t:05t,21
2026-10-09T03:00Z,a4t:05t,21
2026-10-09T04:00Z,a4t:05t,23
2026-10-09T05:00Z,a4t:05t,25
2026-10-09T06:00Z,a4t:05t,24
2026-10-09T07:00Z,a4t:05t,24
2026-10-09T08:00Z,a4t:05t,22
2026-10-09T09:00Z,a4t:05t,21
2026-10-08T18:00Z,a4t:12t,28
2026-10-08T19:00Z,a4t:12t,28
2026-10-08T20:00Z,a4t:12t,21
2026-10-08T21:00Z,a4t:12t,20
2026-10-08T22:00Z,a4t:12t,22
2026-10-08T23:00Z,a4t:12t,23
2026-10-09T00:00Z,a4t:12t,26
2026-10-09T01:00Z,a4t:12t,25
2026-10-09T02:00Z,a4t:12t,21
2026-10-09T03:00Z,a4t:12t,21
2026-10-09T04:00Z,a4t:12t,23
2026-10-09T05:00Z,a4t:12t,25
2026-10-09T06:00Z,a4t:12t,24
2026-10-09T07:00Z,a4t:12t,23
2026-10-09T08:00Z,a4t:12t,21
2026-10-09T09:00Z,a4t:12t,21
2026-10-08T18:00Z,a4t:50t,32
2026-10-08T19:00Z,a4t:50t,31
2026-10-08T20:00Z,a4t:50t,25
2026-10-08T21:00Z,a4t:50t,23
2026-10-08T22:00Z,a4t:50t,26
2026-10-08T23:00Z,a4t:50t,27
2026-10-09T00:00Z,a4t:50t,32
2026-10-09T01:00Z,a4t:50t,30
2026-10-09T02:00Z,a4t:50t,25
2026-10-09T03:00Z,a4t:50t,25
2026-10-09T04:00Z,a4t:50t,28
2026-10-09T05:00Z,a4t:50t,31
2026-10-09T06:00Z,a4t:50t,30
2026-10-09T07:00Z,a4t:50t,29
2026-10-09T08:00Z,a4t:50t,26
2026-10-09T09:00Z,a4t:50t,26
2026-10-09T10:00Z,a4t:50t,25
2026-10-09T11:00Z,a4t:50t,28
2026-10-09T12:00Z,a4t:50t,23
2026-10-09T13:00Z,a4t:50t,21
2026-10-09T14:00Z,a4t:50t,22
2026-10-09T15:00Z,a4t:50t,28
2026-10-09T16:00Z,a4t:50t,28
2026-10-09T17:00Z,a4t:50t,28
2026-10-08T18:00Z,a4t:54t,32
2026-10-08T19:00Z,a4t:54t,31
2026-10-08T20:00Z,a4t:54t,27
2026-10-08T21:00Z,a4t:54t,24
2026-10-08T22:00Z,a4t:54t,27
2026-10-08T23:00Z,a4t:54t,29
2026-10-09T00:00Z,a4t:54t,33
2026-10-09T01:00Z,a4t:54t,30
2026-10-09T02:00Z,a4t:54t,26
2026-10-09T03:00Z,a4t:54t,26
2026-10-09T04:00Z,a4t:54t,29
2026-10-09T05:00Z,a4t:54t,31
2026-10-09T06:00Z,a4t:54t,30
2026-10-09T07:00Z,a4t:54t,30
2026-10-09T08:00Z,a4t:54t,27
2026-10-09T09:00Z,a4t:54t,26
2026-10-08T18:00Z,a4t:41t,12
2026-10-08T19:00Z,a4t:41t,10
2026-10-08T20:00Z,a4t:41t,9
2026-10-08T21:00Z,a4t:41t,10
2026-10-08T22:00Z,a4t:41t,10
2026-10-08T23:00Z,a4t:41t,10
2026-10-09T00:00Z,a4t:41t,11
2026-10-09T01:00Z,a4t:41t,11
2026-10-09T02:00Z,a4t:41t,14
2026-10-09T03:00Z,a4t:41t,13
2026-10-09T04:00Z,a4t:41t,13
2026-10-09T05:00Z,a4t:41t,14
2026-10-09T06:00Z,a4t:41t,13
2026-10-09T07:00Z,a4t:41t,12
2026-10-09T08:00Z,a4t:41t,13
2026-10-09T09:00Z,a4t:41t,14
2026-10-09T10:00Z,a4t:41t,14
2026-10-09T11:00Z,a4t:41t,12
2026-10-09T12:00Z,a4t:41t,13
2026-10-08T18:00Z,a4t:37t,16
2026-10-08T19:00Z,a4t:37t,16
2026-10-08T20:00Z,a4t:37t,15
2026-10-08T21:00Z,a4t:37t,15
2026-10-08T22:00Z,a4t:37t,13
2026-10-08T23:00Z,a4t:37t,13
2026-10-09T00:00Z,a4t:37t,14
2026-10-09T01:00Z,a4t:37t,15
2026-10-09T02:00Z,a4t:37t,16
2026-10-09T03:00Z,a4t:37t,15
2026-10-09T04:00Z,a4t:37t,15
2026-10-09T05:00Z,a4t:37t,16
2026-10-09T06:00Z,a4t:37t,16
2026-10-09T07:00Z,a4t:37t,14
2026-10-09T08:00Z,a4t:37t,14
2026-10-09T09:00Z,a4t:37t,15
2026-10-09T10:00Z,a4t:37t,16
2026-10-09T11:00Z,a4t:37t,15
2026-10-09T12:00Z,a4t:37t,16
2026-10-08T18:00Z,a4t:38t,15
2026-10-08T19:00Z,a4t:38t,15
2026-10-08T20:00Z,a4t:38t,15
2026-10-08T21:00Z,a4t:38t,14
2026-10-08T22:00Z,a4t:38t,13
2026-10-08T23:00Z,a4t:38t,13
2026-10-09T00:00Z,a4t:38t,14
2026-10-09T01:00Z,a4t:38t,14
2026-10-09T02:00Z,a4t:38t,15
2026-10-09T03:00Z,a4t:38t,15
2026-10-09T04:00Z,a4t:38t,14
2026-10-09T05:00Z,a4t:38t,15
2026-10-09T06:00Z,a4t:38t,16
2026-10-09T07:00Z,a4t:38t,14
2026-10-09T08:00Z,a4t:38t,13
2026-10-09T09:00Z,a4t:38t,15
2026-10-09T10:00Z,a4t:38t,15
2026-10-09T11:00Z,a4t:38t,14
2026-10-09T12:00Z,a4t:38t,15
2026-10-08T18:00Z,a4t:39t,15
2026-10-08T19:00Z,a4t:39t,15
2026-10-08T20:00Z,a4t:39t,15
2026-10-08T21:00Z,a4t:39t,14
2026-10-08T22:00Z,a4t:39t,13
2026-10-08T23:00Z,a4t:39t,13
2026-10-09T00:00Z,a4t:39t,14
2026-10-09T01:00Z,a4t:39t,14
2026-10-09T02:00Z,a4t:39t,15
2026-10-09T03:00Z,a4t:39t,15
2026-10-09T04:00Z,a4t:39t,14
2026-10-09T05:00Z,a4t:39t,15
2026-10-09T06:00Z,a4t:39t,15
2026-10-09T07:00Z,a4t:39t,14
2026-10-09T08:00Z,a4t:39t,13
2026-10-09T09:00Z,a4t:39t,15
2026-10-09T10:00Z,a4t:39t,15
2026-10-09T11:00Z,a4t:39t,14
2026-10-09T12:00Z,a4t:39t,15
2026-10-08T18:00Z,a4t:71t,13
2026-10-08T19:00Z,a4t:71t,12
2026-10-08T20:00Z,a4t:71t,14
2026-10-08T21:00Z,a4t:71t,16
2026-10-08T22:00Z,a4t:71t,15
2026-10-08T23:00Z,a4t:71t,16
2026-10-09T00:00Z,a4t:71t,29
2026-10-09T01:00Z,a4t:71t,17
2026-10-09T02:00Z,a4t:71t,25
2026-10-09T03:00Z,a4t:71t,13
2026-10-09T04:00Z,a4t:71t,13
2026-10-09T05:00Z,a4t:71t,7
2026-10-09T06:00Z,a4t:71t,7
2026-10-09T07:00Z,a4t:71t,8
2026-10-09T08:00Z,a4t:71t,10
2026-10-09T09:00Z,a4t:71t,9
2026-10-09T10:00Z,a4t:71t,7
2026-10-09T11:00Z,a4t:71t,6
2026-10-09T12:00Z,a4t:71t,15
2026-10-09T13:00Z,a4t:71t,12
2026-10-09T14:00Z,a4t:71t,11
2026-10-09T15:00Z,a4t:71t,11
2026-10-09T16:00Z,a4t:71t,14
2026-10-09T17:00Z,a4t:71t,10
