hour_end_utc,station_id,ws_ms,wd_deg,temp_c,rh_pct
2026-10-05T18:00Z,a4t:119t,1.9,60,26.2,96
2026-10-05T19:00Z,a4t:119t,2.3,36,25.7,99
2026-10-05T20:00Z,a4t:119t,2.6,72,25.3,99
2026-10-05T21:00Z,a4t:119t,2.5,62,25,99
2026-10-05T22:00Z,a4t:119t,2.2,30,24.9,99
2026-10-05T23:00Z,a4t:119t,1.9,40,25,99
2026-10-06T00:00Z,a4t:119t,2.6,37,26,97
2026-10-06T01:00Z,a4t:119t,1.8,80,27.7,91
2026-10-06T02:00Z,a4t:119t,1.3,89,29.5,82
2026-10-06T03:00Z,a4t:119t,2.3,160,30.9,76
2026-10-06T04:00Z,a4t:119t,3.5,204,31.4,74
2026-10-06T05:00Z,a4t:119t,3.7,206,32.2,71
2026-10-06T06:00Z,a4t:119t,3.4,213,32.8,65
2026-10-06T07:00Z,a4t:119t,3,218,32,69
2026-10-06T08:00Z,a4t:119t,1.4,283,30.4,76
2026-10-06T09:00Z,a4t:119t,2.3,310,29.2,82
2026-10-06T10:00Z,a4t:119t,2.2,346,27.8,91
2026-10-06T11:00Z,a4t:119t,2,51,26.9,97
2026-10-06T12:00Z,a4t:119t,3.2,71,26.6,99
2026-10-06T13:00Z,a4t:119t,2.9,319,26.5,99
2026-10-06T14:00Z,a4t:119t,3.1,278,25.6,99
2026-10-06T15:00Z,a4t:119t,2.5,312,25.3,99
2026-10-06T16:00Z,a4t:119t,2.9,344,25.3,99
2026-10-06T17:00Z,a4t:119t,2.3,15,25.1,99
2026-10-05T18:00Z,a4t:50t,,,27,83
2026-10-05T19:00Z,a4t:50t,,,24.8,92
2026-10-05T20:00Z,a4t:50t,,,25.1,95
2026-10-05T21:00Z,a4t:50t,,,25.3,96
2026-10-05T22:00Z,a4t:50t,,,25.3,97
2026-10-05T23:00Z,a4t:50t,,,25.5,95
2026-10-06T00:00Z,a4t:50t,,,25.9,92
2026-10-06T01:00Z,a4t:50t,,,26.1,90
2026-10-06T02:00Z,a4t:50t,,,26.8,84
2026-10-06T03:00Z,a4t:50t,,,28.2,77
2026-10-06T04:00Z,a4t:50t,,,26.2,83
2026-10-06T05:00Z,a4t:50t,,,25.7,83
2026-10-06T06:00Z,a4t:50t,,,25.2,86
2026-10-06T07:00Z,a4t:50t,,,25.2,90
2026-10-06T08:00Z,a4t:50t,,,26,84
2026-10-06T09:00Z,a4t:50t,,,26.7,80
2026-10-06T10:00Z,a4t:50t,,,26.6,80
2026-10-06T11:00Z,a4t:50t,,,26.3,79
2026-10-06T12:00Z,a4t:50t,,,26.3,78
2026-10-06T13:00Z,a4t:50t,,,26.2,79
2026-10-06T14:00Z,a4t:50t,,,26.4,81
2026-10-06T15:00Z,a4t:50t,,,26.4,83
2026-10-06T16:00Z,a4t:50t,,,24.6,87
2026-10-06T17:00Z,a4t:50t,,,24.6,87
2026-10-05T18:00Z,a4t:53t,,,26.1,26
2026-10-05T19:00Z,a4t:53t,,,25,25
2026-10-05T20:00Z,a4t:53t,,,24.1,24
2026-10-05T21:00Z,a4t:53t,,,24.4,24
2026-10-05T22:00Z,a4t:53t,,,24.6,25
2026-10-05T23:00Z,a4t:53t,,,24.7,25
2026-10-06T00:00Z,a4t:53t,,,25.2,25
2026-10-06T01:00Z,a4t:53t,,,25.6,26
2026-10-06T02:00Z,a4t:53t,,,26.5,27
2026-10-06T03:00Z,a4t:53t,,,26.6,27
2026-10-06T04:00Z,a4t:53t,,,24.7,25
2026-10-06T05:00Z,a4t:53t,,,25.2,25
2026-10-06T06:00Z,a4t:53t,,,25,25
2026-10-06T07:00Z,a4t:53t,,,25,25
2026-10-06T08:00Z,a4t:53t,,,25.8,26
2026-10-06T09:00Z,a4t:53t,,,26.8,27
2026-10-06T10:00Z,a4t:53t,,,27,27
2026-10-06T11:00Z,a4t:53t,,,26.5,27
2026-10-06T12:00Z,a4t:53t,,,26.2,26
2026-10-06T13:00Z,a4t:53t,,,26.3,26
2026-10-06T14:00Z,a4t:53t,,,26.3,26
2026-10-06T15:00Z,a4t:53t,,,26.3,26
2026-10-06T16:00Z,a4t:53t,,,25,25
2026-10-06T17:00Z,a4t:53t,,,24.7,25
2026-10-05T18:00Z,a4t:59t,0.7,220,26.5,99
2026-10-05T19:00Z,a4t:59t,0.5,212,24.6,99
2026-10-05T20:00Z,a4t:59t,0.3,220,23.7,99
2026-10-05T21:00Z,a4t:59t,0.2,211,23.8,99
2026-10-05T22:00Z,a4t:59t,0.3,199,24.1,99
2026-10-05T23:00Z,a4t:59t,0.5,222,24.3,99
2026-10-06T00:00Z,a4t:59t,0.5,243,24.5,99
2026-10-06T01:00Z,a4t:59t,0.5,229,25.1,99
2026-10-06T02:00Z,a4t:59t,0.4,220,25.9,99
2026-10-06T03:00Z,a4t:59t,0.5,202,27,99
2026-10-06T04:00Z,a4t:59t,0.4,204,24.4,99
2026-10-06T05:00Z,a4t:59t,0.5,238,24.2,99
2026-10-06T06:00Z,a4t:59t,0.5,209,24,99
2026-10-06T07:00Z,a4t:59t,0.4,210,24.3,99
2026-10-06T08:00Z,a4t:59t,0.5,229,24.9,99
2026-10-06T09:00Z,a4t:59t,0.5,222,25.5,99
2026-10-06T10:00Z,a4t:59t,0.4,219,25.3,99
2026-10-06T11:00Z,a4t:59t,0.5,212,24.6,99
2026-10-06T12:00Z,a4t:59t,0.3,208,24.5,99
2026-10-06T13:00Z,a4t:59t,0.4,202,24.5,99
2026-10-06T14:00Z,a4t:59t,0.5,215,24.6,99
2026-10-06T15:00Z,a4t:59t,0.4,209,24.9,99
2026-10-06T16:00Z,a4t:59t,0.6,222,24.8,99
2026-10-06T17:00Z,a4t:59t,0.3,180,23.9,99
2026-10-05T18:00Z,a4t:107t,0.9,89,24.9,87
2026-10-05T19:00Z,a4t:107t,1.8,86,24.9,83
2026-10-05T20:00Z,a4t:107t,1.4,89,24.2,82
2026-10-05T21:00Z,a4t:107t,1.3,79,23.7,84
2026-10-05T22:00Z,a4t:107t,1.1,66,23.5,84
2026-10-05T23:00Z,a4t:107t,1.3,56,23.8,82
2026-10-06T00:00Z,a4t:107t,0.7,104,25,76
2026-10-06T01:00Z,a4t:107t,1.7,92,26,70
2026-10-06T02:00Z,a4t:107t,2.9,97,28.2,60
2026-10-06T03:00Z,a4t:107t,4.1,85,29.5,53
2026-10-06T04:00Z,a4t:107t,2.8,81,31,50
2026-10-06T05:00Z,a4t:107t,2.8,68,31.4,48
2026-10-06T06:00Z,a4t:107t,2.4,60,31.4,49
2026-10-06T07:00Z,a4t:107t,2.5,73,31.4,49
2026-10-06T08:00Z,a4t:107t,2.7,91,32.7,46
2026-10-06T09:00Z,a4t:107t,2.3,92,30.5,53
2026-10-06T10:00Z,a4t:107t,1.9,84,29.5,56
2026-10-06T11:00Z,a4t:107t,1.6,75,28,62
2026-10-06T12:00Z,a4t:107t,1.4,72,27.1,66
2026-10-06T13:00Z,a4t:107t,1.3,81,26.4,69
2026-10-06T14:00Z,a4t:107t,1.4,70,25.6,73
2026-10-06T15:00Z,a4t:107t,1.8,84,25.1,72
2026-10-06T16:00Z,a4t:107t,2.1,99,24.4,71
2026-10-06T17:00Z,a4t:107t,1.3,99,23.7,71
2026-10-05T18:00Z,a4t:94t,0.6,212,,
2026-10-05T19:00Z,a4t:94t,0.4,252,,
2026-10-05T20:00Z,a4t:94t,1.4,27,,
2026-10-05T21:00Z,a4t:94t,1.2,4,,
2026-10-05T22:00Z,a4t:94t,0.6,344,,
2026-10-05T23:00Z,a4t:94t,0.4,317,,
2026-10-06T00:00Z,a4t:94t,0.7,305,,
2026-10-06T01:00Z,a4t:94t,0.5,269,,
2026-10-06T02:00Z,a4t:94t,0.6,320,,
2026-10-06T03:00Z,a4t:94t,0.8,306,,
2026-10-06T04:00Z,a4t:94t,1.4,37,,
2026-10-06T05:00Z,a4t:94t,1.6,31,,
2026-10-06T06:00Z,a4t:94t,0.2,315,,
2026-10-06T07:00Z,a4t:94t,0.8,222,,
2026-10-06T08:00Z,a4t:94t,1.5,216,,
2026-10-06T09:00Z,a4t:94t,1.6,226,,
2026-10-06T10:00Z,a4t:94t,0.4,161,,
2026-10-06T11:00Z,a4t:94t,1.8,50,,
2026-10-06T12:00Z,a4t:94t,0.5,39,,
2026-10-06T13:00Z,a4t:94t,0.5,356,,
2026-10-06T14:00Z,a4t:94t,0.2,322,,
2026-10-06T15:00Z,a4t:94t,0.2,289,,
2026-10-06T16:00Z,a4t:94t,0.1,333,,
2026-10-06T17:00Z,a4t:94t,0.4,319,,
2026-10-05T18:00Z,a4t:100t,,,25.6,90
2026-10-05T19:00Z,a4t:100t,,,25.5,92
2026-10-05T20:00Z,a4t:100t,,,25.3,93
2026-10-05T21:00Z,a4t:100t,,,25.1,94
2026-10-05T22:00Z,a4t:100t,,,25,95
2026-10-05T23:00Z,a4t:100t,,,25.3,94
2026-10-06T00:00Z,a4t:100t,,,26.3,89
2026-10-06T01:00Z,a4t:100t,1,31,28,79
2026-10-06T02:00Z,a4t:100t,1.2,36,29.4,72
2026-10-06T03:00Z,a4t:100t,0.9,213,29.7,74
2026-10-06T04:00Z,a4t:100t,0.7,208,30.1,75
2026-10-06T05:00Z,a4t:100t,0.7,227,30.3,75
2026-10-06T06:00Z,a4t:100t,,,31,72
2026-10-06T07:00Z,a4t:100t,1.3,198,30.6,73
2026-10-06T08:00Z,a4t:100t,2,186,30.2,72
2026-10-06T09:00Z,a4t:100t,,,29.4,73
2026-10-06T10:00Z,a4t:100t,,,28.2,83
2026-10-06T11:00Z,a4t:100t,,,27.6,86
2026-10-06T12:00Z,a4t:100t,,,27.3,87
2026-10-06T13:00Z,a4t:100t,,,27.4,87
2026-10-06T14:00Z,a4t:100t,,,27.3,89
2026-10-06T15:00Z,a4t:100t,,,26.8,93
2026-10-06T16:00Z,a4t:100t,,,26.4,92
2026-10-06T17:00Z,a4t:100t,,,26,93
2026-10-05T18:00Z,a4t:117t,1.2,134,26.9,93
2026-10-05T19:00Z,a4t:117t,3.3,358,25.2,94
2026-10-05T20:00Z,a4t:117t,1.9,310,24.5,99
2026-10-05T21:00Z,a4t:117t,0.9,306,24.6,99
2026-10-05T22:00Z,a4t:117t,1,312,24.5,99
2026-10-05T23:00Z,a4t:117t,1.6,277,24.4,100
2026-10-06T00:00Z,a4t:117t,1.8,318,24.6,99
2026-10-06T01:00Z,a4t:117t,1.8,327,25.1,99
2026-10-06T02:00Z,a4t:117t,2.5,330,25.8,95
2026-10-06T03:00Z,a4t:117t,3.3,336,26.9,87
2026-10-06T04:00Z,a4t:117t,2.5,343,27.1,87
2026-10-06T05:00Z,a4t:117t,2.7,348,28.9,78
2026-10-06T06:00Z,a4t:117t,2.4,15,30.9,69
2026-10-06T07:00Z,a4t:117t,2.1,289,30.8,72
2026-10-06T08:00Z,a4t:117t,1.5,277,30.8,73
2026-10-06T09:00Z,a4t:117t,1.3,273,30.5,73
2026-10-06T10:00Z,a4t:117t,0.9,317,30.1,73
2026-10-06T11:00Z,a4t:117t,1.6,46,28.7,74
2026-10-06T12:00Z,a4t:117t,1.6,72,28.1,75
2026-10-06T13:00Z,a4t:117t,1.2,49,27.2,80
2026-10-06T14:00Z,a4t:117t,1,344,27.2,82
2026-10-06T15:00Z,a4t:117t,0.9,137,26.5,93
2026-10-06T16:00Z,a4t:117t,0.5,211,25.8,99
2026-10-06T17:00Z,a4t:117t,0.3,80,25.8,98
2026-10-05T18:00Z,a4t:118t,0.3,310,25.8,95
2026-10-05T19:00Z,a4t:118t,0.8,305,25.7,94
2026-10-05T20:00Z,a4t:118t,0.4,275,25.6,94
2026-10-05T21:00Z,a4t:118t,,,25.4,95
2026-10-05T22:00Z,a4t:118t,0.2,290,25.3,95
2026-10-05T23:00Z,a4t:118t,0.3,323,25.2,95
2026-10-06T00:00Z,a4t:118t,0.6,297,25.8,93
2026-10-06T01:00Z,a4t:118t,0.7,311,27.4,87
2026-10-06T02:00Z,a4t:118t,0.8,327,30,76
2026-10-06T03:00Z,a4t:118t,1,90,31.8,67
2026-10-06T04:00Z,a4t:118t,1.3,116,32,68
2026-10-06T05:00Z,a4t:118t,1.4,81,32.3,68
2026-10-06T06:00Z,a4t:118t,1.3,86,32.7,65
2026-10-06T07:00Z,a4t:118t,1.4,73,32.3,66
2026-10-06T08:00Z,a4t:118t,1.3,87,31.3,71
2026-10-06T09:00Z,a4t:118t,1.2,97,31.2,71
2026-10-06T10:00Z,a4t:118t,0.5,112,29.7,77
2026-10-06T11:00Z,a4t:118t,0.2,15,28.9,79
2026-10-06T12:00Z,a4t:118t,,,28.5,82
2026-10-06T13:00Z,a4t:118t,0.3,327,28.1,84
2026-10-06T14:00Z,a4t:118t,0.7,325,27.8,85
2026-10-06T15:00Z,a4t:118t,1,321,27.3,88
2026-10-06T16:00Z,a4t:118t,0.8,309,26.9,89
2026-10-06T17:00Z,a4t:118t,0.8,295,26.8,89
2026-10-05T18:00Z,a4t:105t,0.2,95,21.8,88
2026-10-05T19:00Z,a4t:105t,0.4,360,21.8,90
2026-10-05T20:00Z,a4t:105t,0.5,63,21.7,93
2026-10-05T21:00Z,a4t:105t,0.4,172,21.4,95
2026-10-05T22:00Z,a4t:105t,0.7,86,21.3,93
2026-10-05T23:00Z,a4t:105t,1,79,22.8,92
2026-10-06T00:00Z,a4t:105t,1,109,24.4,81
2026-10-06T01:00Z,a4t:105t,2,122,26.2,72
2026-10-06T02:00Z,a4t:105t,2.7,120,27.7,65
2026-10-06T03:00Z,a4t:105t,2.9,117,28.7,59
2026-10-06T04:00Z,a4t:105t,0.9,102,29.8,58
2026-10-06T05:00Z,a4t:105t,1.9,296,25.7,78
2026-10-06T06:00Z,a4t:105t,2.7,292,25.1,80
2026-10-06T07:00Z,a4t:105t,2.5,310,26.3,73
2026-10-06T08:00Z,a4t:105t,2.3,26,25.6,78
2026-10-06T09:00Z,a4t:105t,1.4,20,23.7,88
2026-10-06T10:00Z,a4t:105t,0.8,15,24.4,92
2026-10-06T11:00Z,a4t:105t,1.1,36,23.9,95
2026-10-06T12:00Z,a4t:105t,0.5,5,23.8,94
2026-10-06T13:00Z,a4t:105t,0.8,88,23.9,94
2026-10-06T14:00Z,a4t:105t,1.6,108,23.5,96
2026-10-06T15:00Z,a4t:105t,0.8,124,23.2,95
2026-10-06T16:00Z,a4t:105t,0.5,141,23.4,94
2026-10-06T17:00Z,a4t:105t,0.8,358,24,96
2026-10-05T18:00Z,a4t:106t,1.5,92,26.8,74
2026-10-05T19:00Z,a4t:106t,1.4,100,26.4,75
2026-10-05T20:00Z,a4t:106t,1.3,91,26,77
2026-10-05T21:00Z,a4t:106t,0.9,73,25.6,78
2026-10-05T22:00Z,a4t:106t,1.4,97,25.2,79
2026-10-05T23:00Z,a4t:106t,2.2,102,25.5,76
2026-10-06T00:00Z,a4t:106t,3,102,27.5,66
2026-10-06T01:00Z,a4t:106t,3.5,110,29.7,57
2026-10-06T02:00Z,a4t:106t,3.6,115,30.8,54
2026-10-06T03:00Z,a4t:106t,2.8,106,31.9,51
2026-10-06T04:00Z,a4t:106t,2.5,122,33.3,47
2026-10-06T05:00Z,a4t:106t,2.5,125,34.1,45
2026-10-06T06:00Z,a4t:106t,1.9,169,35.7,43
2026-10-06T07:00Z,a4t:106t,1.8,165,36.2,42
2026-10-06T08:00Z,a4t:106t,2,171,36.4,42
2026-10-06T09:00Z,a4t:106t,1.7,171,34.9,46
2026-10-06T10:00Z,a4t:106t,1.1,143,32.6,56
2026-10-06T11:00Z,a4t:106t,1.9,119,31.1,59
2026-10-06T12:00Z,a4t:106t,2,93,29.6,62
2026-10-06T13:00Z,a4t:106t,2.1,100,28.9,68
2026-10-06T14:00Z,a4t:106t,2.1,104,28.6,66
2026-10-06T15:00Z,a4t:106t,1.8,112,28.2,66
2026-10-06T16:00Z,a4t:106t,1.7,100,27.2,70
2026-10-06T17:00Z,a4t:106t,2.1,104,26.7,73
2026-10-05T18:00Z,a4t:103t,4.1,271,27,79
2026-10-05T19:00Z,a4t:103t,2.7,276,26.7,79
2026-10-05T20:00Z,a4t:103t,3.7,282,26.4,81
2026-10-05T21:00Z,a4t:103t,2.4,316,26.5,80
2026-10-05T22:00Z,a4t:103t,2.7,343,26.9,79
2026-10-05T23:00Z,a4t:103t,3.8,305,26.2,80
2026-10-06T00:00Z,a4t:103t,3.4,311,26.7,78
2026-10-06T01:00Z,a4t:103t,3.6,300,27.5,75
2026-10-06T02:00Z,a4t:103t,0.8,305,28.5,71
2026-10-06T03:00Z,a4t:103t,2.3,24,29.8,68
2026-10-06T04:00Z,a4t:103t,3.3,36,30.1,67
2026-10-06T05:00Z,a4t:103t,3.5,46,30.1,67
2026-10-06T06:00Z,a4t:103t,3.5,29,31.1,65
2026-10-06T07:00Z,a4t:103t,3.9,42,31.2,65
2026-10-06T08:00Z,a4t:103t,3.7,42,30.6,67
2026-10-06T09:00Z,a4t:103t,3.9,41,30,69
2026-10-06T10:00Z,a4t:103t,3.6,32,29.7,69
2026-10-06T11:00Z,a4t:103t,3.5,33,29,75
2026-10-06T12:00Z,a4t:103t,2.9,11,28.9,74
2026-10-06T13:00Z,a4t:103t,3.2,344,28.6,74
2026-10-06T14:00Z,a4t:103t,3.2,337,28,74
2026-10-06T15:00Z,a4t:103t,3,308,27.5,76
2026-10-06T16:00Z,a4t:103t,3.1,297,27.2,75
2026-10-06T17:00Z,a4t:103t,2.6,300,27.2,73
2026-10-05T18:00Z,a4t:121t,1.3,93,24.9,100
2026-10-05T19:00Z,a4t:121t,1.9,118,24.7,100
2026-10-05T20:00Z,a4t:121t,2.6,152,23.9,100
2026-10-05T21:00Z,a4t:121t,2.2,145,24.1,100
2026-10-05T22:00Z,a4t:121t,2.5,154,24,100
2026-10-05T23:00Z,a4t:121t,2.2,155,24,100
2026-10-06T00:00Z,a4t:121t,2.5,145,24.6,100
2026-10-06T01:00Z,a4t:121t,2.2,164,25.6,100
2026-10-06T02:00Z,a4t:121t,2.2,182,27.5,89
2026-10-06T03:00Z,a4t:121t,1.1,221,29.1,81
2026-10-06T04:00Z,a4t:121t,1.9,243,30,78
2026-10-06T05:00Z,a4t:121t,1.6,260,30.9,73
2026-10-06T06:00Z,a4t:121t,1.3,253,32.2,68
2026-10-06T07:00Z,a4t:121t,1.6,256,32.2,68
2026-10-06T08:00Z,a4t:121t,2,267,32.6,65
2026-10-06T09:00Z,a4t:121t,2.4,258,31,73
2026-10-06T10:00Z,a4t:121t,1,210,29.9,75
2026-10-06T11:00Z,a4t:121t,0.8,182,28.4,79
2026-10-06T12:00Z,a4t:121t,1.1,174,28,80
2026-10-06T13:00Z,a4t:121t,0.6,173,27,88
2026-10-06T14:00Z,a4t:121t,0.3,160,26.8,89
2026-10-06T15:00Z,a4t:121t,0.1,164,26.5,98
2026-10-06T16:00Z,a4t:121t,,,26.3,100
2026-10-06T17:00Z,a4t:121t,0.2,172,26.4,100
2026-10-05T18:00Z,a4t:120t,1,264,25.2,99
2026-10-05T19:00Z,a4t:120t,0.6,214,25.1,99
2026-10-05T20:00Z,a4t:120t,0.7,213,25,99
2026-10-05T21:00Z,a4t:120t,0.8,149,24.9,99
2026-10-05T22:00Z,a4t:120t,1.3,191,24.9,99
2026-10-05T23:00Z,a4t:120t,1.6,216,24.7,99
2026-10-06T00:00Z,a4t:120t,0.6,90,25.5,97
2026-10-06T01:00Z,a4t:120t,0.7,190,26.9,91
2026-10-06T02:00Z,a4t:120t,1.1,182,28.6,86
2026-10-06T03:00Z,a4t:120t,0.9,163,30.6,76
2026-10-06T04:00Z,a4t:120t,0.8,221,32,68
2026-10-06T05:00Z,a4t:120t,1.5,106,32.9,62
2026-10-06T06:00Z,a4t:120t,1.1,42,33.3,58
2026-10-06T07:00Z,a4t:120t,1.3,233,25.8,90
2026-10-06T08:00Z,a4t:120t,2.1,331,24.7,99
2026-10-06T09:00Z,a4t:120t,1.7,296,25,99
2026-10-06T10:00Z,a4t:120t,0.5,19,24.9,99
2026-10-06T11:00Z,a4t:120t,0.1,320,24.9,99
2026-10-06T12:00Z,a4t:120t,1.2,230,25,99
2026-10-06T13:00Z,a4t:120t,0.3,258,24.8,99
2026-10-06T14:00Z,a4t:120t,0.8,318,24.8,99
2026-10-06T15:00Z,a4t:120t,0.3,293,24.7,99
2026-10-06T16:00Z,a4t:120t,0.9,198,24.3,99
2026-10-06T17:00Z,a4t:120t,0.5,280,24.2,99
2026-10-05T18:00Z,a4t:95t,1,6,,
2026-10-05T19:00Z,a4t:95t,1.1,324,,
2026-10-05T20:00Z,a4t:95t,1.2,326,,
2026-10-05T21:00Z,a4t:95t,1.4,303,,
2026-10-05T22:00Z,a4t:95t,1.2,312,,
2026-10-05T23:00Z,a4t:95t,0.7,328,,
2026-10-06T00:00Z,a4t:95t,2,340,,
2026-10-06T01:00Z,a4t:95t,1.6,341,,
2026-10-06T02:00Z,a4t:95t,1.5,332,,
2026-10-06T03:00Z,a4t:95t,1.6,330,,
2026-10-06T04:00Z,a4t:95t,2.4,336,,
2026-10-06T05:00Z,a4t:95t,2.6,329,,
2026-10-06T06:00Z,a4t:95t,2.2,342,,
2026-10-06T07:00Z,a4t:95t,2,75,,
2026-10-06T08:00Z,a4t:95t,1.8,37,,
2026-10-06T09:00Z,a4t:95t,2.2,29,,
2026-10-06T10:00Z,a4t:95t,1.7,48,,
2026-10-06T11:00Z,a4t:95t,1.7,16,,
2026-10-06T12:00Z,a4t:95t,1.1,340,,
2026-10-06T13:00Z,a4t:95t,1.7,349,,
2026-10-06T14:00Z,a4t:95t,1.5,357,,
2026-10-06T15:00Z,a4t:95t,0.8,342,,
2026-10-06T16:00Z,a4t:95t,1.1,326,,
2026-10-06T17:00Z,a4t:95t,1.4,337,,
2026-10-05T18:00Z,a4t:43t,,,27.9,89
2026-10-05T19:00Z,a4t:43t,,,27.5,92
2026-10-05T20:00Z,a4t:43t,,,27.3,91
2026-10-05T21:00Z,a4t:43t,,,27.1,88
2026-10-05T22:00Z,a4t:43t,,,26.6,93
2026-10-05T23:00Z,a4t:43t,,,26.7,93
2026-10-06T00:00Z,a4t:43t,,,27.7,85
2026-10-06T01:00Z,a4t:43t,,,30.3,75
2026-10-06T02:00Z,a4t:43t,,,31.7,69
2026-10-06T03:00Z,a4t:43t,,,32.7,65
2026-10-06T04:00Z,a4t:43t,,,32.5,66
2026-10-06T05:00Z,a4t:43t,,,31.8,71
2026-10-06T06:00Z,a4t:43t,,,29.1,77
2026-10-06T07:00Z,a4t:43t,,,32.3,67
2026-10-06T08:00Z,a4t:43t,,,32.2,69
2026-10-06T09:00Z,a4t:43t,,,30.4,79
2026-10-06T10:00Z,a4t:43t,,,30.2,77
2026-10-05T18:00Z,a4t:114t,1.6,343,25.1,88
2026-10-05T19:00Z,a4t:114t,2,18,24.8,84
2026-10-05T20:00Z,a4t:114t,1.3,30,24.3,87
2026-10-05T21:00Z,a4t:114t,1.5,356,24,87
2026-10-05T22:00Z,a4t:114t,1.2,348,24,88
2026-10-05T23:00Z,a4t:114t,0.7,120,24,90
2026-10-06T00:00Z,a4t:114t,1.2,72,24.8,84
2026-10-06T01:00Z,a4t:114t,1.6,43,25.7,78
2026-10-06T02:00Z,a4t:114t,2.2,26,27.1,68
2026-10-06T07:00Z,a4t:114t,2.3,355,31.4,48
2026-10-06T08:00Z,a4t:114t,2.4,343,31,50
2026-10-06T09:00Z,a4t:114t,2.3,356,31,51
2026-10-06T10:00Z,a4t:114t,1.6,26,30.1,57
2026-10-06T11:00Z,a4t:114t,1.6,3,28.9,66
2026-10-06T12:00Z,a4t:114t,1.5,10,28.2,69
2026-10-06T13:00Z,a4t:114t,1.6,8,27.6,71
2026-10-06T14:00Z,a4t:114t,1.5,13,26.9,72
2026-10-06T15:00Z,a4t:114t,1.8,0,26.2,72
2026-10-06T16:00Z,a4t:114t,1.7,3,25.5,73
2026-10-06T17:00Z,a4t:114t,1.4,18,24.7,75
2026-10-05T18:00Z,a4t:102t,1.9,24,25.8,74
2026-10-05T19:00Z,a4t:102t,2.7,33,25.6,73
2026-10-05T20:00Z,a4t:102t,1.9,50,25.6,71
2026-10-05T21:00Z,a4t:102t,1.9,44,25.4,71
2026-10-05T22:00Z,a4t:102t,2.2,41,24.9,72
2026-10-05T23:00Z,a4t:102t,1.7,57,25.1,70
2026-10-06T00:00Z,a4t:102t,2.1,69,26.2,66
2026-10-06T01:00Z,a4t:102t,2.6,76,27.2,63
2026-10-06T02:00Z,a4t:102t,3,54,28.7,57
2026-10-06T03:00Z,a4t:102t,3.2,42,30.1,53
2026-10-06T04:00Z,a4t:102t,3.7,34,30.7,52
2026-10-06T05:00Z,a4t:102t,3.4,50,31.3,49
2026-10-06T06:00Z,a4t:102t,3.8,60,31.5,48
2026-10-06T07:00Z,a4t:102t,2.8,53,31.2,50
2026-10-06T08:00Z,a4t:102t,2.9,66,31.3,49
2026-10-06T09:00Z,a4t:102t,3,68,30.7,51
2026-10-06T10:00Z,a4t:102t,2.8,56,29.6,53
2026-10-06T11:00Z,a4t:102t,2.3,59,28.4,58
2026-10-06T12:00Z,a4t:102t,2.5,70,27.4,60
2026-10-06T13:00Z,a4t:102t,2.6,79,26.3,64
2026-10-06T14:00Z,a4t:102t,2.1,78,25.5,65
2026-10-06T15:00Z,a4t:102t,2,78,25.1,65
2026-10-06T16:00Z,a4t:102t,1.9,66,24.6,65
2026-10-06T17:00Z,a4t:102t,2.1,81,24.1,67
2026-10-05T18:00Z,a4t:113t,1.1,340,25.8,93
2026-10-05T19:00Z,a4t:113t,1,56,25.6,87
2026-10-05T20:00Z,a4t:113t,1.2,80,25.3,84
2026-10-05T21:00Z,a4t:113t,0.8,65,25.2,84
2026-10-05T22:00Z,a4t:113t,0.6,46,24.9,86
2026-10-05T23:00Z,a4t:113t,0.8,76,24.9,86
2026-10-06T00:00Z,a4t:113t,1.3,87,25.5,82
2026-10-06T01:00Z,a4t:113t,1.8,77,26.5,74
2026-10-06T02:00Z,a4t:113t,2.6,85,27.7,67
2026-10-06T03:00Z,a4t:113t,3.4,90,28.5,63
2026-10-06T04:00Z,a4t:113t,2.8,87,29.5,59
2026-10-06T05:00Z,a4t:113t,2.1,80,30.3,56
2026-10-06T06:00Z,a4t:113t,2.1,49,30.4,57
2026-10-06T07:00Z,a4t:113t,1.3,27,30.2,58
2026-10-06T08:00Z,a4t:113t,1,60,30.1,59
2026-10-06T09:00Z,a4t:113t,1.3,58,30.1,59
2026-10-06T10:00Z,a4t:113t,0.9,66,29.5,62
2026-10-06T11:00Z,a4t:113t,0.7,53,28.7,66
2026-10-06T12:00Z,a4t:113t,0.8,71,28.1,69
2026-10-06T13:00Z,a4t:113t,0.7,48,27.5,71
2026-10-06T14:00Z,a4t:113t,1,77,26.9,73
2026-10-06T15:00Z,a4t:113t,1.6,81,26.6,73
2026-10-06T16:00Z,a4t:113t,1.2,78,25.9,77
2026-10-06T17:00Z,a4t:113t,1.4,86,25.4,79
2026-10-05T18:00Z,a4t:99t,,,23.4,98
2026-10-05T19:00Z,a4t:99t,,,23.4,95
2026-10-05T20:00Z,a4t:99t,,,23,94
2026-10-05T21:00Z,a4t:99t,,,22.9,95
2026-10-05T22:00Z,a4t:99t,,,23,97
2026-10-05T23:00Z,a4t:99t,,,23.7,93
2026-10-06T00:00Z,a4t:99t,,,25.9,82
2026-10-06T01:00Z,a4t:99t,,,25.4,86
2026-10-06T02:00Z,a4t:99t,,,29.2,71
2026-10-06T03:00Z,a4t:99t,,,30.3,63
2026-10-06T04:00Z,a4t:99t,,,31.7,59
2026-10-06T05:00Z,a4t:99t,,,31.7,57
2026-10-06T06:00Z,a4t:99t,,,31,63
2026-10-06T07:00Z,a4t:99t,,,29.1,72
2026-10-06T08:00Z,a4t:99t,,,27.9,75
2026-10-06T09:00Z,a4t:99t,,,27.4,79
2026-10-06T10:00Z,a4t:99t,,,26.8,81
2026-10-06T11:00Z,a4t:99t,,,26.2,82
2026-10-06T12:00Z,a4t:99t,,,26.2,83
2026-10-06T13:00Z,a4t:99t,,,23.8,92
2026-10-06T14:00Z,a4t:99t,,,22,99
2026-10-06T15:00Z,a4t:99t,,,22.7,99
2026-10-06T16:00Z,a4t:99t,,,23,99
2026-10-06T17:00Z,a4t:99t,,,23.3,99
2026-10-05T18:00Z,a4t:112t,2.2,32,24.5,79
2026-10-05T19:00Z,a4t:112t,2.2,49,24.2,79
2026-10-05T20:00Z,a4t:112t,2.4,49,23.9,79
2026-10-05T21:00Z,a4t:112t,2.2,56,23.7,80
2026-10-05T22:00Z,a4t:112t,2.2,57,23.3,82
2026-10-05T23:00Z,a4t:112t,1.8,60,23.3,83
2026-10-06T00:00Z,a4t:112t,2.4,55,24.7,77
2026-10-06T01:00Z,a4t:112t,2.6,41,26.2,72
2026-10-06T02:00Z,a4t:112t,2.9,54,27.4,67
2026-10-06T03:00Z,a4t:112t,2.1,83,28.8,63
2026-10-06T04:00Z,a4t:112t,1.6,97,29.4,60
2026-10-06T05:00Z,a4t:112t,1.3,119,29.8,60
2026-10-06T06:00Z,a4t:112t,1.5,351,29.6,59
2026-10-06T07:00Z,a4t:112t,2,19,29.6,60
2026-10-06T08:00Z,a4t:112t,3,24,28.2,64
2026-10-06T09:00Z,a4t:112t,2.2,3,28.2,63
2026-10-06T10:00Z,a4t:112t,2.2,3,27.8,67
2026-10-06T11:00Z,a4t:112t,2.4,10,27,71
2026-10-06T12:00Z,a4t:112t,2.2,23,26.4,71
2026-10-06T13:00Z,a4t:112t,2.3,53,25.5,71
2026-10-06T14:00Z,a4t:112t,1.9,17,24.9,73
2026-10-06T15:00Z,a4t:112t,2.3,16,24.2,75
2026-10-06T16:00Z,a4t:112t,2.6,12,23.7,76
2026-10-06T17:00Z,a4t:112t,2.6,21,23.2,76
2026-10-05T18:00Z,a4t:111t,0.8,345,25.5,87
2026-10-05T19:00Z,a4t:111t,0.8,352,25.3,88
2026-10-05T20:00Z,a4t:111t,0.5,354,25,90
2026-10-05T21:00Z,a4t:111t,1.5,17,25.3,85
2026-10-05T22:00Z,a4t:111t,1.8,32,25.2,82
2026-10-05T23:00Z,a4t:111t,0.6,57,25.1,82
2026-10-06T00:00Z,a4t:111t,0.8,67,25.7,81
2026-10-06T01:00Z,a4t:111t,3,3,27,75
2026-10-06T02:00Z,a4t:111t,2.7,11,28.1,71
2026-10-06T03:00Z,a4t:111t,1.9,26,27.7,74
2026-10-06T04:00Z,a4t:111t,2.1,40,29.2,69
2026-10-06T05:00Z,a4t:111t,1.5,18,29.7,67
2026-10-06T06:00Z,a4t:111t,1.1,347,30.3,64
2026-10-06T07:00Z,a4t:111t,0.7,329,30.4,64
2026-10-06T08:00Z,a4t:111t,1.4,341,30.9,62
2026-10-06T09:00Z,a4t:111t,1.6,336,30.8,63
2026-10-06T10:00Z,a4t:111t,1.5,342,29.4,69
2026-10-06T11:00Z,a4t:111t,1,358,28.4,73
2026-10-06T12:00Z,a4t:111t,0.5,7,27.8,76
2026-10-06T13:00Z,a4t:111t,0.6,358,27.3,77
2026-10-06T14:00Z,a4t:111t,1.2,357,26.8,77
2026-10-06T15:00Z,a4t:111t,1.1,357,26.2,78
2026-10-06T16:00Z,a4t:111t,1.1,24,25.7,77
2026-10-06T17:00Z,a4t:111t,1.4,15,25.2,76
2026-10-05T18:00Z,a4t:96t,0.5,331,17.1,100
2026-10-05T19:00Z,a4t:96t,0.6,310,17.2,100
2026-10-05T20:00Z,a4t:96t,0.6,305,17.2,100
2026-10-05T21:00Z,a4t:96t,0.6,305,17.5,100
2026-10-05T22:00Z,a4t:96t,0.3,299,17.8,100
2026-10-05T23:00Z,a4t:96t,0.3,317,18,100
2026-10-06T00:00Z,a4t:96t,0.4,307,18.8,100
2026-10-06T01:00Z,a4t:96t,1.1,311,19.8,92
2026-10-06T02:00Z,a4t:96t,1.5,334,21.3,77
2026-10-06T03:00Z,a4t:96t,1.3,328,20.9,75
2026-10-06T04:00Z,a4t:96t,2.1,124,19.2,92
2026-10-06T05:00Z,a4t:96t,1,151,18.3,100
2026-10-06T06:00Z,a4t:96t,1,181,20.2,91
2026-10-06T07:00Z,a4t:96t,1.6,135,21.8,81
2026-10-06T08:00Z,a4t:96t,2.1,117,22.6,75
2026-10-06T09:00Z,a4t:96t,1.8,95,21.7,79
2026-10-06T10:00Z,a4t:96t,1.9,87,21.2,82
2026-10-06T11:00Z,a4t:96t,1.7,92,20.1,86
2026-10-06T12:00Z,a4t:96t,0.8,9,19.3,91
2026-10-06T13:00Z,a4t:96t,0.9,330,19.2,95
2026-10-06T14:00Z,a4t:96t,1.4,341,19,97
2026-10-06T15:00Z,a4t:96t,1.3,337,18.9,95
2026-10-06T16:00Z,a4t:96t,0.8,330,19,92
2026-10-06T17:00Z,a4t:96t,1.1,324,19,95
2026-10-05T18:00Z,a4t:115t,0.6,96,25,90
2026-10-05T19:00Z,a4t:115t,1.7,75,25.6,84
2026-10-05T20:00Z,a4t:115t,1.5,82,25.1,84
2026-10-05T21:00Z,a4t:115t,1.8,38,24.6,88
2026-10-05T22:00Z,a4t:115t,2.8,55,23.4,90
2026-10-05T23:00Z,a4t:115t,1,27,22.9,92
2026-10-06T00:00Z,a4t:115t,0.9,138,23.4,90
2026-10-06T01:00Z,a4t:115t,0.7,159,25.2,81
2026-10-06T02:00Z,a4t:115t,0.5,279,27.6,70
2026-10-06T03:00Z,a4t:115t,0.8,45,29.3,62
2026-10-06T04:00Z,a4t:115t,1.7,12,30.7,57
2026-10-06T05:00Z,a4t:115t,1.7,349,30.6,58
2026-10-06T06:00Z,a4t:115t,2.3,10,30.2,58
2026-10-06T07:00Z,a4t:115t,2,15,29.9,59
2026-10-06T08:00Z,a4t:115t,2.1,26,29.1,63
2026-10-06T09:00Z,a4t:115t,1.9,13,28.8,64
2026-10-06T10:00Z,a4t:115t,1.4,142,26.7,80
2026-10-06T11:00Z,a4t:115t,1.1,27,25.2,88
2026-10-06T12:00Z,a4t:115t,1.3,20,24.6,90
2026-10-06T13:00Z,a4t:115t,2,40,25.3,82
2026-10-06T14:00Z,a4t:115t,2.1,41,26.1,75
2026-10-06T15:00Z,a4t:115t,0.6,341,25.3,82
2026-10-06T16:00Z,a4t:115t,1.3,359,24.1,90
2026-10-06T17:00Z,a4t:115t,1.4,349,23.8,92
2026-10-05T18:00Z,a4t:110t,1.1,67,25.4,80
2026-10-05T19:00Z,a4t:110t,1.2,59,24.9,81
2026-10-05T20:00Z,a4t:110t,1.3,67,24.7,82
2026-10-05T21:00Z,a4t:110t,1.4,77,24.6,82
2026-10-05T22:00Z,a4t:110t,1.5,77,24.4,83
2026-10-05T23:00Z,a4t:110t,1.3,75,24.7,82
2026-10-06T00:00Z,a4t:110t,2,79,25.3,79
2026-10-06T01:00Z,a4t:110t,2.2,80,26.3,76
2026-10-06T02:00Z,a4t:110t,2,80,28.6,71
2026-10-06T03:00Z,a4t:110t,2.1,76,30,67
2026-10-06T04:00Z,a4t:110t,2.5,80,30.5,65
2026-10-06T05:00Z,a4t:110t,2.3,78,30.9,64
2026-10-06T06:00Z,a4t:110t,2.1,74,31.4,63
2026-10-06T07:00Z,a4t:110t,1.9,71,31.4,63
2026-10-06T08:00Z,a4t:110t,1.7,66,31.3,63
2026-10-06T09:00Z,a4t:110t,1.7,75,29.9,66
2026-10-06T10:00Z,a4t:110t,1.3,64,28.8,69
2026-10-06T11:00Z,a4t:110t,1.4,68,27.4,72
2026-10-06T12:00Z,a4t:110t,1.8,78,26.7,72
2026-10-06T13:00Z,a4t:110t,1.5,69,25.9,73
2026-10-06T14:00Z,a4t:110t,1.3,67,25.2,75
2026-10-06T15:00Z,a4t:110t,1.4,71,24.5,77
2026-10-06T16:00Z,a4t:110t,1.5,70,24.1,77
2026-10-06T17:00Z,a4t:110t,1.4,62,23.7,77
2026-10-05T18:00Z,a4t:98t,1.4,320,28.7,85
2026-10-05T19:00Z,a4t:98t,1.2,86,26.8,86
2026-10-05T20:00Z,a4t:98t,0.8,326,26.3,90
2026-10-05T21:00Z,a4t:98t,0.7,247,26.2,90
2026-10-05T22:00Z,a4t:98t,0.8,318,26.3,90
2026-10-05T23:00Z,a4t:98t,1,320,26.6,90
2026-10-06T00:00Z,a4t:98t,1,289,27.1,90
2026-10-06T01:00Z,a4t:98t,0.8,311,27.7,87
2026-10-06T02:00Z,a4t:98t,1.7,358,26.8,89
2026-10-06T03:00Z,a4t:98t,1.3,9,26.4,91
2026-10-06T04:00Z,a4t:98t,1.4,344,28.1,87
2026-10-06T05:00Z,a4t:98t,1.6,334,29.6,78
2026-10-06T06:00Z,a4t:98t,1.3,320,32.1,67
2026-10-06T07:00Z,a4t:98t,0.4,189,33.2,61
2026-10-06T08:00Z,a4t:98t,0.7,41,33.1,62
2026-10-06T09:00Z,a4t:98t,0.9,343,33.3,61
2026-10-06T10:00Z,a4t:98t,1.1,336,32.1,68
2026-10-06T11:00Z,a4t:98t,0.7,291,30.6,77
2026-10-06T12:00Z,a4t:98t,1.3,359,30.2,78
2026-10-06T13:00Z,a4t:98t,1.2,14,29.6,79
2026-10-06T14:00Z,a4t:98t,0.9,331,29.3,81
2026-10-06T15:00Z,a4t:98t,0.7,347,29.2,82
2026-10-06T16:00Z,a4t:98t,0.8,338,29.1,84
2026-10-06T17:00Z,a4t:98t,0.9,351,28.9,85
2026-10-05T18:00Z,a4t:116t,1.4,66,26.8,89
2026-10-05T19:00Z,a4t:116t,1.8,82,26.5,86
2026-10-05T20:00Z,a4t:116t,1,323,26.5,82
2026-10-05T21:00Z,a4t:116t,1.2,299,26.4,83
2026-10-05T22:00Z,a4t:116t,0.7,73,26.1,86
2026-10-05T23:00Z,a4t:116t,1,275,26.6,86
2026-10-06T00:00Z,a4t:116t,1.6,264,27.1,86
2026-10-06T01:00Z,a4t:116t,3,289,27.7,81
2026-10-06T02:00Z,a4t:116t,2.7,291,28.8,75
2026-10-06T03:00Z,a4t:116t,2,277,28.8,76
2026-10-06T04:00Z,a4t:116t,1.6,265,29.6,73
2026-10-06T05:00Z,a4t:116t,1.8,206,30.2,71
2026-10-06T06:00Z,a4t:116t,1.4,167,27.9,78
2026-10-06T07:00Z,a4t:116t,1.8,219,27.4,81
2026-10-06T08:00Z,a4t:116t,1.4,243,26.6,84
2026-10-06T09:00Z,a4t:116t,1.8,262,26.8,85
2026-10-06T10:00Z,a4t:116t,0.8,278,27.1,83
2026-10-06T11:00Z,a4t:116t,0.8,39,26.3,86
2026-10-06T12:00Z,a4t:116t,0.5,255,26.6,81
2026-10-06T13:00Z,a4t:116t,0.2,218,26.5,84
2026-10-06T14:00Z,a4t:116t,1.5,327,26.4,84
2026-10-06T15:00Z,a4t:116t,1.5,262,25.8,89
2026-10-06T16:00Z,a4t:116t,0.3,98,25.8,94
2026-10-06T17:00Z,a4t:116t,0.6,63,25.6,92
2026-10-05T18:00Z,a4t:36t,0.3,12,24.9,
2026-10-05T19:00Z,a4t:36t,0.5,32,25,
2026-10-05T20:00Z,a4t:36t,0.4,33,24.7,
2026-10-05T21:00Z,a4t:36t,0.1,339,24.7,
2026-10-05T22:00Z,a4t:36t,0.1,29,24.6,
2026-10-05T23:00Z,a4t:36t,0.1,83,24.7,
2026-10-06T00:00Z,a4t:36t,0.2,8,25.3,
2026-10-06T01:00Z,a4t:36t,0.8,38,27,
2026-10-06T02:00Z,a4t:36t,0.7,43,28.9,
2026-10-06T03:00Z,a4t:36t,0.7,46,30.6,
2026-10-06T04:00Z,a4t:36t,0.4,347,31.9,
2026-10-06T05:00Z,a4t:36t,0.6,25,33.3,
2026-10-06T06:00Z,a4t:36t,0.2,5,34.8,
2026-10-06T07:00Z,a4t:36t,0.2,267,35.3,
2026-10-06T08:00Z,a4t:36t,0.5,62,36.5,
2026-10-06T09:00Z,a4t:36t,0.4,93,34.5,
2026-10-06T10:00Z,a4t:36t,0.4,124,32.8,
2026-10-06T11:00Z,a4t:36t,0.3,132,31.4,
2026-10-06T12:00Z,a4t:36t,0.2,167,30.6,
2026-10-06T13:00Z,a4t:36t,0.2,189,30.2,
2026-10-06T14:00Z,a4t:36t,0.2,175,29.7,
2026-10-06T15:00Z,a4t:36t,0.4,233,29.3,
2026-10-06T16:00Z,a4t:36t,0.3,211,28.8,
2026-10-06T17:00Z,a4t:36t,0.4,348,28.2,
2026-10-05T18:00Z,a4t:97t,0.5,187,26.2,
2026-10-05T19:00Z,a4t:97t,0.6,96,25.9,
2026-10-05T20:00Z,a4t:97t,0.2,153,26,39
2026-10-05T21:00Z,a4t:97t,0.2,152,25.9,
2026-10-05T22:00Z,a4t:97t,1,156,25,
2026-10-05T23:00Z,a4t:97t,0.9,117,25.1,
2026-10-06T00:00Z,a4t:97t,0.9,80,25.8,
2026-10-06T01:00Z,a4t:97t,0.6,119,26.3,
2026-10-06T02:00Z,a4t:97t,1.2,180,29,
2026-10-06T03:00Z,a4t:97t,2.4,75,30.9,
2026-10-06T04:00Z,a4t:97t,2.5,65,32,46
2026-10-06T05:00Z,a4t:97t,2.7,67,33.7,
2026-10-06T06:00Z,a4t:97t,3,119,32.2,
2026-10-06T07:00Z,a4t:97t,2.6,211,22.5,
2026-10-06T08:00Z,a4t:97t,2.8,283,22.3,24
2026-10-06T09:00Z,a4t:97t,1.1,112,24,
2026-10-06T10:00Z,a4t:97t,1,77,24,
2026-10-06T11:00Z,a4t:97t,1.1,67,25.2,61
2026-10-06T12:00Z,a4t:97t,0.4,75,25.8,84
2026-10-06T13:00Z,a4t:97t,0.9,107,26.3,
2026-10-06T14:00Z,a4t:97t,1,64,26.1,
2026-10-06T15:00Z,a4t:97t,0.2,112,25.5,
2026-10-06T16:00Z,a4t:97t,0.1,146,25.4,
2026-10-06T17:00Z,a4t:97t,0.1,103,25.4,
2026-10-05T18:00Z,a4t:69t,7.4,292,,6
2026-10-05T19:00Z,a4t:69t,7.4,291,,6
2026-10-05T20:00Z,a4t:69t,7.5,288,,6
2026-10-05T21:00Z,a4t:69t,7.5,284,,6
2026-10-05T22:00Z,a4t:69t,7.4,293,,6
2026-10-05T23:00Z,a4t:69t,6.8,298,,7
2026-10-06T00:00Z,a4t:69t,6.9,298,,7
2026-10-06T01:00Z,a4t:69t,7.2,299,,7
2026-10-06T02:00Z,a4t:69t,7.1,304,,7
2026-10-06T03:00Z,a4t:69t,7.3,307,,7
2026-10-06T04:00Z,a4t:69t,7.5,307,,7
2026-10-06T05:00Z,a4t:69t,8.4,307,,7
2026-10-06T06:00Z,a4t:69t,8.2,317,,8
2026-10-06T07:00Z,a4t:69t,8.3,318,,8
2026-10-06T08:00Z,a4t:69t,6.8,310,,7
2026-10-06T09:00Z,a4t:69t,6.6,310,,7
2026-10-06T10:00Z,a4t:69t,6.5,305,,7
2026-10-06T11:00Z,a4t:69t,7.3,294,,7
2026-10-06T12:00Z,a4t:69t,7.5,296,,7
2026-10-06T13:00Z,a4t:69t,7.4,293,,7
2026-10-06T14:00Z,a4t:69t,7.3,295,,7
2026-10-06T15:00Z,a4t:69t,7.1,297,,7
2026-10-06T16:00Z,a4t:69t,7.1,299,,7
2026-10-06T17:00Z,a4t:69t,7.1,296,,7
2026-10-05T18:00Z,a4t:05t,1,113,,
2026-10-05T19:00Z,a4t:05t,1.4,297,,
2026-10-05T20:00Z,a4t:05t,0.4,273,,
2026-10-05T21:00Z,a4t:05t,0.4,298,,
2026-10-05T22:00Z,a4t:05t,0.4,290,,
2026-10-05T23:00Z,a4t:05t,0.2,133,,
2026-10-06T00:00Z,a4t:05t,1.4,290,,
2026-10-06T01:00Z,a4t:05t,1.5,299,,
2026-10-06T02:00Z,a4t:05t,1.7,293,,
2026-10-06T03:00Z,a4t:05t,1.5,320,,
2026-10-06T04:00Z,a4t:05t,2,357,,
2026-10-06T05:00Z,a4t:05t,1.9,296,,
2026-10-06T06:00Z,a4t:05t,1.3,299,,
2026-10-06T07:00Z,a4t:05t,1,293,,
2026-10-06T08:00Z,a4t:05t,0.8,304,,
2026-10-06T09:00Z,a4t:05t,0.7,295,,
2026-10-05T18:00Z,a4t:101t,1.9,35,25.5,90
2026-10-05T19:00Z,a4t:101t,1.5,46,25.3,92
2026-10-05T20:00Z,a4t:101t,1.5,30,25.2,93
2026-10-05T21:00Z,a4t:101t,1.8,48,25.1,93
2026-10-05T22:00Z,a4t:101t,1.9,53,25.1,92
2026-10-05T23:00Z,a4t:101t,2,53,25.3,90
2026-10-06T00:00Z,a4t:101t,1.8,50,25.8,88
2026-10-06T01:00Z,a4t:101t,2.7,50,26.5,85
2026-10-06T02:00Z,a4t:101t,2.3,46,27.3,81
2026-10-06T03:00Z,a4t:101t,2,42,28.2,78
2026-10-06T04:00Z,a4t:101t,1.8,74,28.2,78
2026-10-06T05:00Z,a4t:101t,1.5,97,28.9,76
2026-10-06T06:00Z,a4t:101t,1.5,38,29.8,73
2026-10-06T07:00Z,a4t:101t,1.8,11,30,72
2026-10-06T08:00Z,a4t:101t,2,10,30.2,71
2026-10-06T09:00Z,a4t:101t,2.6,14,30.5,69
2026-10-06T10:00Z,a4t:101t,1.8,35,29.7,72
2026-10-06T11:00Z,a4t:101t,1.6,51,28.6,78
2026-10-06T12:00Z,a4t:101t,1.6,53,28,81
2026-10-06T13:00Z,a4t:101t,1.6,52,27.5,84
2026-10-06T14:00Z,a4t:101t,2.1,52,27.1,85
2026-10-06T15:00Z,a4t:101t,2.2,56,26.8,82
2026-10-06T16:00Z,a4t:101t,2.2,51,26.3,83
2026-10-06T17:00Z,a4t:101t,2.6,57,25.7,82
2026-10-05T18:00Z,a4t:30t,1.2,341,26.5,85
2026-10-05T19:00Z,a4t:30t,1.4,334,26.5,86
2026-10-05T20:00Z,a4t:30t,0.9,318,26,89
2026-10-05T21:00Z,a4t:30t,0.6,319,26,91
2026-10-05T22:00Z,a4t:30t,1.5,321,26,93
2026-10-05T23:00Z,a4t:30t,1.6,332,26.3,92
2026-10-06T00:00Z,a4t:30t,1.6,345,28.7,80
2026-10-06T01:00Z,a4t:30t,1.7,342,31.5,71
2026-10-06T02:00Z,a4t:30t,0.9,82,30.9,72
2026-10-06T03:00Z,a4t:30t,2.5,118,27.9,90
2026-10-06T04:00Z,a4t:30t,1.9,111,27.2,92
2026-10-06T05:00Z,a4t:30t,2.1,105,28.5,88
2026-10-06T06:00Z,a4t:30t,1.7,142,29.7,79
2026-10-06T07:00Z,a4t:30t,1.7,138,29.8,76
2026-10-06T08:00Z,a4t:30t,1.4,126,29.7,74
2026-10-06T09:00Z,a4t:30t,0.9,173,29,74
2026-10-06T10:00Z,a4t:30t,0.4,197,28.4,78
2026-10-06T11:00Z,a4t:30t,0.2,186,27.3,86
2026-10-06T12:00Z,a4t:30t,0.1,6,27.3,86
2026-10-06T13:00Z,a4t:30t,0.8,25,26.9,93
2026-10-06T14:00Z,a4t:30t,0.4,93,25.7,99
2026-10-06T15:00Z,a4t:30t,0.8,345,26,98
2026-10-06T16:00Z,a4t:30t,1.4,341,25.7,98
2026-10-06T17:00Z,a4t:30t,1.1,343,25.3,98
