issued_utc,valid_utc,station_id,lead_h,cams_raw,corrected
2026-10-01T16:00Z,2026-10-01T17:00Z,4946812,1,46.2,28.1
2026-10-01T16:00Z,2026-10-01T19:00Z,4946812,3,46.3,28.8
2026-10-01T16:00Z,2026-10-01T22:00Z,4946812,6,44.6,28.5
2026-10-01T16:00Z,2026-10-02T04:00Z,4946812,12,34.7,23.3
2026-10-01T16:00Z,2026-10-02T16:00Z,4946812,24,77.8,57.4
2026-10-01T16:00Z,2026-10-03T16:00Z,4946812,48,38.4,31.9
2026-10-01T16:00Z,2026-10-01T17:00Z,4946813,1,34.5,31.7
2026-10-01T16:00Z,2026-10-01T19:00Z,4946813,3,34.9,32.1
2026-10-01T16:00Z,2026-10-01T22:00Z,4946813,6,34.6,32
2026-10-01T16:00Z,2026-10-02T04:00Z,4946813,12,28.6,26.7
2026-10-01T16:00Z,2026-10-02T16:00Z,4946813,24,46.7,44.3
2026-10-01T16:00Z,2026-10-03T16:00Z,4946813,48,38,36.8
2026-10-01T16:00Z,2026-10-01T17:00Z,135,1,15.5,22.4
2026-10-01T16:00Z,2026-10-01T19:00Z,135,3,13.8,19.7
2026-10-01T16:00Z,2026-10-01T22:00Z,135,6,11.1,15.6
2026-10-01T16:00Z,2026-10-02T04:00Z,135,12,25.1,33.5
2026-10-01T16:00Z,2026-10-02T16:00Z,135,24,16.9,21.2
2026-10-01T16:00Z,2026-10-03T16:00Z,135,48,13.5,15.5
2026-10-01T16:00Z,2026-10-01T17:00Z,701,1,51.6,13.7
2026-10-01T16:00Z,2026-10-01T19:00Z,701,3,44.9,12.5
2026-10-01T16:00Z,2026-10-01T22:00Z,701,6,38.1,11.4
2026-10-01T16:00Z,2026-10-02T04:00Z,701,12,25.5,8.6
2026-10-01T16:00Z,2026-10-02T16:00Z,701,24,56.2,24.9
2026-10-01T16:00Z,2026-10-03T16:00Z,701,48,31.5,19.1
2026-10-01T16:00Z,2026-10-01T17:00Z,717,1,22.8,31.8
2026-10-01T16:00Z,2026-10-01T19:00Z,717,3,23.7,32.6
2026-10-01T16:00Z,2026-10-01T22:00Z,717,6,27.4,36.9
2026-10-01T16:00Z,2026-10-02T04:00Z,717,12,13.8,18.1
2026-10-01T16:00Z,2026-10-02T16:00Z,717,24,16.2,20
2026-10-01T16:00Z,2026-10-03T16:00Z,717,48,13.1,14.9
2026-10-01T16:00Z,2026-10-01T17:00Z,906,1,15.5,15.5
2026-10-01T16:00Z,2026-10-01T19:00Z,906,3,13.8,13.8
2026-10-01T16:00Z,2026-10-01T22:00Z,906,6,11.1,11.1
2026-10-01T16:00Z,2026-10-02T04:00Z,906,12,25.1,25.1
2026-10-01T16:00Z,2026-10-02T16:00Z,906,24,16.9,16.9
2026-10-01T16:00Z,2026-10-03T16:00Z,906,48,13.5,13.5
2026-10-01T16:00Z,2026-10-01T17:00Z,2167,1,15.5,16.7
2026-10-01T16:00Z,2026-10-01T19:00Z,2167,3,13.8,14.8
2026-10-01T16:00Z,2026-10-01T22:00Z,2167,6,11.1,11.9
2026-10-01T16:00Z,2026-10-02T04:00Z,2167,12,25.1,26.6
2026-10-01T16:00Z,2026-10-02T16:00Z,2167,24,16.9,17.7
2026-10-01T16:00Z,2026-10-03T16:00Z,2167,48,13.5,13.9
2026-10-01T16:00Z,2026-10-01T17:00Z,2328,1,10.4,9.8
2026-10-01T16:00Z,2026-10-01T19:00Z,2328,3,10.5,9.9
2026-10-01T16:00Z,2026-10-01T22:00Z,2328,6,12.3,11.6
2026-10-01T16:00Z,2026-10-02T04:00Z,2328,12,13.6,12.9
2026-10-01T16:00Z,2026-10-02T16:00Z,2328,24,10.3,9.9
2026-10-01T16:00Z,2026-10-03T16:00Z,2328,48,6.9,6.7
2026-10-01T16:00Z,2026-10-01T17:00Z,2352,1,15.5,19
2026-10-01T16:00Z,2026-10-01T19:00Z,2352,3,13.8,16.8
2026-10-01T16:00Z,2026-10-01T22:00Z,2352,6,11.1,13.4
2026-10-01T16:00Z,2026-10-02T04:00Z,2352,12,25.1,29.4
2026-10-01T16:00Z,2026-10-02T16:00Z,2352,24,16.9,19.2
2026-10-01T16:00Z,2026-10-03T16:00Z,2352,48,13.5,14.6
2026-10-01T16:00Z,2026-10-01T17:00Z,2375,1,21.1,13
2026-10-01T16:00Z,2026-10-01T19:00Z,2375,3,19.6,12.3
2026-10-01T16:00Z,2026-10-01T22:00Z,2375,6,18.7,12.1
2026-10-01T16:00Z,2026-10-02T04:00Z,2375,12,23.9,16.3
2026-10-01T16:00Z,2026-10-02T16:00Z,2375,24,34,25.4
2026-10-01T16:00Z,2026-10-03T16:00Z,2375,48,23.6,19.7
2026-10-01T16:00Z,2026-10-01T17:00Z,2376,1,15.5,18.1
2026-10-01T16:00Z,2026-10-01T19:00Z,2376,3,13.8,16.1
2026-10-01T16:00Z,2026-10-01T22:00Z,2376,6,11.1,12.8
2026-10-01T16:00Z,2026-10-02T04:00Z,2376,12,25.1,28.4
2026-10-01T16:00Z,2026-10-02T16:00Z,2376,24,16.9,18.6
2026-10-01T16:00Z,2026-10-03T16:00Z,2376,48,13.5,14.3
2026-10-01T16:00Z,2026-10-01T17:00Z,5545,1,15.5,15.5
2026-10-01T16:00Z,2026-10-01T19:00Z,5545,3,13.8,13.8
2026-10-01T16:00Z,2026-10-01T22:00Z,5545,6,11.1,11.1
2026-10-01T16:00Z,2026-10-02T04:00Z,5545,12,25.1,25.1
2026-10-01T16:00Z,2026-10-02T16:00Z,5545,24,16.9,16.9
2026-10-01T16:00Z,2026-10-03T16:00Z,5545,48,13.5,13.5
2026-10-01T16:00Z,2026-10-01T17:00Z,7747,1,8.3,23.1
2026-10-01T16:00Z,2026-10-01T19:00Z,7747,3,7.2,19.5
2026-10-01T16:00Z,2026-10-01T22:00Z,7747,6,8.7,21.9
2026-10-01T16:00Z,2026-10-02T04:00Z,7747,12,7.6,17.4
2026-10-01T16:00Z,2026-10-02T16:00Z,7747,24,8.7,16.5
2026-10-01T16:00Z,2026-10-03T16:00Z,7747,48,7.1,10.6
2026-10-01T16:00Z,2026-10-01T17:00Z,7840,1,16.8,17.7
2026-10-01T16:00Z,2026-10-01T19:00Z,7840,3,17.5,18.4
2026-10-01T16:00Z,2026-10-01T22:00Z,7840,6,17.3,18.1
2026-10-01T16:00Z,2026-10-02T04:00Z,7840,12,23.6,24.6
2026-10-01T16:00Z,2026-10-02T16:00Z,7840,24,10.5,10.9
2026-10-01T16:00Z,2026-10-03T16:00Z,7840,48,7.2,7.4
2026-10-01T16:00Z,2026-10-01T17:00Z,225567,1,13.4,13.4
2026-10-01T16:00Z,2026-10-01T19:00Z,225567,3,11.1,11.1
2026-10-01T16:00Z,2026-10-01T22:00Z,225567,6,9.7,9.7
2026-10-01T16:00Z,2026-10-02T04:00Z,225567,12,9.4,9.4
2026-10-01T16:00Z,2026-10-02T16:00Z,225567,24,9.5,9.5
2026-10-01T16:00Z,2026-10-03T16:00Z,225567,48,6.8,6.8
2026-10-01T16:00Z,2026-10-01T17:00Z,225568,1,51.6,23.2
2026-10-01T16:00Z,2026-10-01T19:00Z,225568,3,44.9,20.8
2026-10-01T16:00Z,2026-10-01T22:00Z,225568,6,38.1,18.4
2026-10-01T16:00Z,2026-10-02T04:00Z,225568,12,25.5,13.3
2026-10-01T16:00Z,2026-10-02T16:00Z,225568,24,56.2,34.4
2026-10-01T16:00Z,2026-10-03T16:00Z,225568,48,31.5,23.3
2026-10-01T16:00Z,2026-10-01T17:00Z,225569,1,16.7,16.7
2026-10-01T16:00Z,2026-10-01T19:00Z,225569,3,18.2,18.2
2026-10-01T16:00Z,2026-10-01T22:00Z,225569,6,21.4,21.4
2026-10-01T16:00Z,2026-10-02T04:00Z,225569,12,15.6,15.6
2026-10-01T16:00Z,2026-10-02T16:00Z,225569,24,25.1,25.1
2026-10-01T16:00Z,2026-10-03T16:00Z,225569,48,11.1,11.1
2026-10-01T16:00Z,2026-10-01T17:00Z,225571,1,15.5,15.5
2026-10-01T16:00Z,2026-10-01T19:00Z,225571,3,13.8,13.8
2026-10-01T16:00Z,2026-10-01T22:00Z,225571,6,11.1,11.1
2026-10-01T16:00Z,2026-10-02T04:00Z,225571,12,25.1,25.1
2026-10-01T16:00Z,2026-10-02T16:00Z,225571,24,16.9,16.9
2026-10-01T16:00Z,2026-10-03T16:00Z,225571,48,13.5,13.5
2026-10-01T16:00Z,2026-10-01T17:00Z,225572,1,51.6,26.2
2026-10-01T16:00Z,2026-10-01T19:00Z,225572,3,44.9,23.4
2026-10-01T16:00Z,2026-10-01T22:00Z,225572,6,38.1,20.6
2026-10-01T16:00Z,2026-10-02T04:00Z,225572,12,25.5,14.7
2026-10-01T16:00Z,2026-10-02T16:00Z,225572,24,56.2,37
2026-10-01T16:00Z,2026-10-03T16:00Z,225572,48,31.5,24.4
2026-10-01T16:00Z,2026-10-01T17:00Z,225573,1,8.8,8.8
2026-10-01T16:00Z,2026-10-01T19:00Z,225573,3,9.1,9.1
2026-10-01T16:00Z,2026-10-01T22:00Z,225573,6,7.5,7.5
2026-10-01T16:00Z,2026-10-02T04:00Z,225573,12,4.6,4.6
2026-10-01T16:00Z,2026-10-02T16:00Z,225573,24,4.2,4.2
2026-10-01T16:00Z,2026-10-03T16:00Z,225573,48,4.5,4.5
2026-10-01T16:00Z,2026-10-01T17:00Z,225574,1,21.1,14.8
2026-10-01T16:00Z,2026-10-01T19:00Z,225574,3,19.6,14
2026-10-01T16:00Z,2026-10-01T22:00Z,225574,6,18.7,13.6
2026-10-01T16:00Z,2026-10-02T04:00Z,225574,12,23.9,18.1
2026-10-01T16:00Z,2026-10-02T16:00Z,225574,24,34,27.5
2026-10-01T16:00Z,2026-10-03T16:00Z,225574,48,23.6,20.7
2026-10-01T16:00Z,2026-10-01T17:00Z,225575,1,15.5,15.5
2026-10-01T16:00Z,2026-10-01T19:00Z,225575,3,13.8,13.8
2026-10-01T16:00Z,2026-10-01T22:00Z,225575,6,11.1,11.1
2026-10-01T16:00Z,2026-10-02T04:00Z,225575,12,25.1,25.1
2026-10-01T16:00Z,2026-10-02T16:00Z,225575,24,16.9,16.9
2026-10-01T16:00Z,2026-10-03T16:00Z,225575,48,13.5,13.5
2026-10-01T16:00Z,2026-10-01T17:00Z,225577,1,15.5,15.5
2026-10-01T16:00Z,2026-10-01T19:00Z,225577,3,13.8,13.8
2026-10-01T16:00Z,2026-10-01T22:00Z,225577,6,11.1,11.1
2026-10-01T16:00Z,2026-10-02T04:00Z,225577,12,25.1,25.1
2026-10-01T16:00Z,2026-10-02T16:00Z,225577,24,16.9,16.9
2026-10-01T16:00Z,2026-10-03T16:00Z,225577,48,13.5,13.5
2026-10-01T16:00Z,2026-10-01T17:00Z,225578,1,10.5,16.3
2026-10-01T16:00Z,2026-10-01T19:00Z,225578,3,8.4,12.9
2026-10-01T16:00Z,2026-10-01T22:00Z,225578,6,8.2,12.3
2026-10-01T16:00Z,2026-10-02T04:00Z,225578,12,7.2,10.4
2026-10-01T16:00Z,2026-10-02T16:00Z,225578,24,4.5,6.1
2026-10-01T16:00Z,2026-10-03T16:00Z,225578,48,9.8,11.6
2026-10-01T16:00Z,2026-10-01T17:00Z,225579,1,32.6,14.9
2026-10-01T16:00Z,2026-10-01T19:00Z,225579,3,28.8,13.5
2026-10-01T16:00Z,2026-10-01T22:00Z,225579,6,26.2,12.9
2026-10-01T16:00Z,2026-10-02T04:00Z,225579,12,16.4,8.6
2026-10-01T16:00Z,2026-10-02T16:00Z,225579,24,14,8.4
2026-10-01T16:00Z,2026-10-03T16:00Z,225579,48,18,13.3
2026-10-01T16:00Z,2026-10-01T17:00Z,225580,1,21.1,21.1
2026-10-01T16:00Z,2026-10-01T19:00Z,225580,3,19.6,19.6
2026-10-01T16:00Z,2026-10-01T22:00Z,225580,6,18.7,18.7
2026-10-01T16:00Z,2026-10-02T04:00Z,225580,12,23.9,23.9
2026-10-01T16:00Z,2026-10-02T16:00Z,225580,24,34,34
2026-10-01T16:00Z,2026-10-03T16:00Z,225580,48,23.6,23.6
2026-10-01T16:00Z,2026-10-01T17:00Z,225581,1,9.4,9.4
2026-10-01T16:00Z,2026-10-01T19:00Z,225581,3,10.4,10.4
2026-10-01T16:00Z,2026-10-01T22:00Z,225581,6,9,9
2026-10-01T16:00Z,2026-10-02T04:00Z,225581,12,9.8,9.8
2026-10-01T16:00Z,2026-10-02T16:00Z,225581,24,13.7,13.7
2026-10-01T16:00Z,2026-10-03T16:00Z,225581,48,9.4,9.4
2026-10-01T16:00Z,2026-10-01T17:00Z,225582,1,15.5,15.5
2026-10-01T16:00Z,2026-10-01T19:00Z,225582,3,13.8,13.8
2026-10-01T16:00Z,2026-10-01T22:00Z,225582,6,11.1,11.1
2026-10-01T16:00Z,2026-10-02T04:00Z,225582,12,25.1,25.1
2026-10-01T16:00Z,2026-10-02T16:00Z,225582,24,16.9,16.9
2026-10-01T16:00Z,2026-10-03T16:00Z,225582,48,13.5,13.5
2026-10-01T16:00Z,2026-10-01T17:00Z,225584,1,15.1,15.1
2026-10-01T16:00Z,2026-10-01T19:00Z,225584,3,15.2,15.2
2026-10-01T16:00Z,2026-10-01T22:00Z,225584,6,11.2,11.2
2026-10-01T16:00Z,2026-10-02T04:00Z,225584,12,8.7,8.7
2026-10-01T16:00Z,2026-10-02T16:00Z,225584,24,23.5,23.5
2026-10-01T16:00Z,2026-10-03T16:00Z,225584,48,12.4,12.4
2026-10-01T16:00Z,2026-10-01T17:00Z,225585,1,10.4,10.4
2026-10-01T16:00Z,2026-10-01T19:00Z,225585,3,10.9,10.9
2026-10-01T16:00Z,2026-10-01T22:00Z,225585,6,4.1,4.1
2026-10-01T16:00Z,2026-10-02T04:00Z,225585,12,3.9,3.9
2026-10-01T16:00Z,2026-10-02T16:00Z,225585,24,6.4,6.4
2026-10-01T16:00Z,2026-10-03T16:00Z,225585,48,12.4,12.4
2026-10-01T16:00Z,2026-10-01T17:00Z,225586,1,15.2,15.2
2026-10-01T16:00Z,2026-10-01T19:00Z,225586,3,11.4,11.4
2026-10-01T16:00Z,2026-10-01T22:00Z,225586,6,7,7
2026-10-01T16:00Z,2026-10-02T04:00Z,225586,12,9,9
2026-10-01T16:00Z,2026-10-02T16:00Z,225586,24,4,4
2026-10-01T16:00Z,2026-10-03T16:00Z,225586,48,3.8,3.8
2026-10-01T16:00Z,2026-10-01T17:00Z,225587,1,14.6,15.1
2026-10-01T16:00Z,2026-10-01T19:00Z,225587,3,13.3,13.7
2026-10-01T16:00Z,2026-10-01T22:00Z,225587,6,9.1,9.4
2026-10-01T16:00Z,2026-10-02T04:00Z,225587,12,9.3,9.6
2026-10-01T16:00Z,2026-10-02T16:00Z,225587,24,19.3,19.7
2026-10-01T16:00Z,2026-10-03T16:00Z,225587,48,13.2,13.4
2026-10-01T16:00Z,2026-10-01T17:00Z,225589,1,6.8,8.4
2026-10-01T16:00Z,2026-10-01T19:00Z,225589,3,7.7,9.4
2026-10-01T16:00Z,2026-10-01T22:00Z,225589,6,10.1,12.2
2026-10-01T16:00Z,2026-10-02T04:00Z,225589,12,7.7,9.1
2026-10-01T16:00Z,2026-10-02T16:00Z,225589,24,10.4,11.8
2026-10-01T16:00Z,2026-10-03T16:00Z,225589,48,8,8.7
2026-10-01T16:00Z,2026-10-01T17:00Z,225590,1,45.3,45.3
2026-10-01T16:00Z,2026-10-01T19:00Z,225590,3,39.5,39.5
2026-10-01T16:00Z,2026-10-01T22:00Z,225590,6,37,37
2026-10-01T16:00Z,2026-10-02T04:00Z,225590,12,23.5,23.5
2026-10-01T16:00Z,2026-10-02T16:00Z,225590,24,63.1,63.1
2026-10-01T16:00Z,2026-10-03T16:00Z,225590,48,47.7,47.7
2026-10-01T16:00Z,2026-10-01T17:00Z,225591,1,45.3,14.1
2026-10-01T16:00Z,2026-10-01T19:00Z,225591,3,39.5,12.8
2026-10-01T16:00Z,2026-10-01T22:00Z,225591,6,37,12.8
2026-10-01T16:00Z,2026-10-02T04:00Z,225591,12,23.5,9
2026-10-01T16:00Z,2026-10-02T16:00Z,225591,24,63.1,31
2026-10-01T16:00Z,2026-10-03T16:00Z,225591,48,47.7,30.9
2026-10-01T16:00Z,2026-10-01T17:00Z,225593,1,21.1,18.5
2026-10-01T16:00Z,2026-10-01T19:00Z,225593,3,19.6,17.3
2026-10-01T16:00Z,2026-10-01T22:00Z,225593,6,18.7,16.6
2026-10-01T16:00Z,2026-10-02T04:00Z,225593,12,23.9,21.6
2026-10-01T16:00Z,2026-10-02T16:00Z,225593,24,34,31.4
2026-10-01T16:00Z,2026-10-03T16:00Z,225593,48,23.6,22.5
2026-10-01T16:00Z,2026-10-01T17:00Z,225595,1,15.5,21.1
2026-10-01T16:00Z,2026-10-01T19:00Z,225595,3,13.8,18.6
2026-10-01T16:00Z,2026-10-01T22:00Z,225595,6,11.1,14.7
2026-10-01T16:00Z,2026-10-02T04:00Z,225595,12,25.1,31.9
2026-10-01T16:00Z,2026-10-02T16:00Z,225595,24,16.9,20.4
2026-10-01T16:00Z,2026-10-03T16:00Z,225595,48,13.5,15.2
2026-10-01T16:00Z,2026-10-01T17:00Z,225596,1,15.5,20.7
2026-10-01T16:00Z,2026-10-01T19:00Z,225596,3,13.8,18.2
2026-10-01T16:00Z,2026-10-01T22:00Z,225596,6,11.1,14.5
2026-10-01T16:00Z,2026-10-02T04:00Z,225596,12,25.1,31.4
2026-10-01T16:00Z,2026-10-02T16:00Z,225596,24,16.9,20.2
2026-10-01T16:00Z,2026-10-03T16:00Z,225596,48,13.5,15.1
2026-10-01T16:00Z,2026-10-01T17:00Z,225599,1,15.5,16.6
2026-10-01T16:00Z,2026-10-01T19:00Z,225599,3,13.8,14.8
2026-10-01T16:00Z,2026-10-01T22:00Z,225599,6,11.1,11.9
2026-10-01T16:00Z,2026-10-02T04:00Z,225599,12,25.1,26.5
2026-10-01T16:00Z,2026-10-02T16:00Z,225599,24,16.9,17.7
2026-10-01T16:00Z,2026-10-03T16:00Z,225599,48,13.5,13.9
2026-10-01T16:00Z,2026-10-01T17:00Z,225600,1,4.7,8.6
2026-10-01T16:00Z,2026-10-01T19:00Z,225600,3,3.3,6.1
2026-10-01T16:00Z,2026-10-01T22:00Z,225600,6,3,5.4
2026-10-01T16:00Z,2026-10-02T04:00Z,225600,12,4,6.6
2026-10-01T16:00Z,2026-10-02T16:00Z,225600,24,6.3,9.1
2026-10-01T16:00Z,2026-10-03T16:00Z,225600,48,6.6,8.3
2026-10-01T16:00Z,2026-10-01T17:00Z,225602,1,5.3,5.3
2026-10-01T16:00Z,2026-10-01T19:00Z,225602,3,5.8,5.8
2026-10-01T16:00Z,2026-10-01T22:00Z,225602,6,8.6,8.6
2026-10-01T16:00Z,2026-10-02T04:00Z,225602,12,14.7,14.7
2026-10-01T16:00Z,2026-10-02T16:00Z,225602,24,15.3,15.3
2026-10-01T16:00Z,2026-10-03T16:00Z,225602,48,8.2,8.2
2026-10-01T16:00Z,2026-10-01T17:00Z,225603,1,22.8,36
2026-10-01T16:00Z,2026-10-01T19:00Z,225603,3,23.7,36.7
2026-10-01T16:00Z,2026-10-01T22:00Z,225603,6,27.4,41.3
2026-10-01T16:00Z,2026-10-02T04:00Z,225603,12,13.8,20
2026-10-01T16:00Z,2026-10-02T16:00Z,225603,24,16.2,21.6
2026-10-01T16:00Z,2026-10-03T16:00Z,225603,48,13.1,15.6
2026-10-01T16:00Z,2026-10-01T17:00Z,225604,1,21.1,21.1
2026-10-01T16:00Z,2026-10-01T19:00Z,225604,3,19.6,19.6
2026-10-01T16:00Z,2026-10-01T22:00Z,225604,6,18.7,18.7
2026-10-01T16:00Z,2026-10-02T04:00Z,225604,12,23.9,23.9
2026-10-01T16:00Z,2026-10-02T16:00Z,225604,24,34,34
2026-10-01T16:00Z,2026-10-03T16:00Z,225604,48,23.6,23.6
2026-10-01T16:00Z,2026-10-01T17:00Z,225605,1,6.2,6.2
2026-10-01T16:00Z,2026-10-01T19:00Z,225605,3,5.5,5.5
2026-10-01T16:00Z,2026-10-01T22:00Z,225605,6,4,4
2026-10-01T16:00Z,2026-10-02T04:00Z,225605,12,6.8,6.8
2026-10-01T16:00Z,2026-10-02T16:00Z,225605,24,3.6,3.6
2026-10-01T16:00Z,2026-10-03T16:00Z,225605,48,2.9,2.9
2026-10-01T16:00Z,2026-10-01T17:00Z,225606,1,8.5,8.5
2026-10-01T16:00Z,2026-10-01T19:00Z,225606,3,8,8
2026-10-01T16:00Z,2026-10-01T22:00Z,225606,6,5.6,5.6
2026-10-01T16:00Z,2026-10-02T04:00Z,225606,12,6.8,6.8
2026-10-01T16:00Z,2026-10-02T16:00Z,225606,24,7.4,7.4
2026-10-01T16:00Z,2026-10-03T16:00Z,225606,48,7.7,7.7
2026-10-01T16:00Z,2026-10-01T17:00Z,225607,1,12.9,13.2
2026-10-01T16:00Z,2026-10-01T19:00Z,225607,3,9.3,9.5
2026-10-01T16:00Z,2026-10-01T22:00Z,225607,6,5.7,5.8
2026-10-01T16:00Z,2026-10-02T04:00Z,225607,12,7.1,7.2
2026-10-01T16:00Z,2026-10-02T16:00Z,225607,24,5.7,5.8
2026-10-01T16:00Z,2026-10-03T16:00Z,225607,48,3.5,3.5
2026-10-01T16:00Z,2026-10-01T17:00Z,225610,1,21.1,21.1
2026-10-01T16:00Z,2026-10-01T19:00Z,225610,3,19.6,19.6
2026-10-01T16:00Z,2026-10-01T22:00Z,225610,6,18.7,18.7
2026-10-01T16:00Z,2026-10-02T04:00Z,225610,12,23.9,23.9
2026-10-01T16:00Z,2026-10-02T16:00Z,225610,24,34,34
2026-10-01T16:00Z,2026-10-03T16:00Z,225610,48,23.6,23.6
2026-10-01T16:00Z,2026-10-01T17:00Z,225611,1,22.8,35.2
2026-10-01T16:00Z,2026-10-01T19:00Z,225611,3,23.7,35.9
2026-10-01T16:00Z,2026-10-01T22:00Z,225611,6,27.4,40.5
2026-10-01T16:00Z,2026-10-02T04:00Z,225611,12,13.8,19.7
2026-10-01T16:00Z,2026-10-02T16:00Z,225611,24,16.2,21.3
2026-10-01T16:00Z,2026-10-03T16:00Z,225611,48,13.1,15.5
2026-10-01T16:00Z,2026-10-01T17:00Z,225612,1,15.5,15.5
2026-10-01T16:00Z,2026-10-01T19:00Z,225612,3,13.8,13.8
2026-10-01T16:00Z,2026-10-01T22:00Z,225612,6,11.1,11.1
2026-10-01T16:00Z,2026-10-02T04:00Z,225612,12,25.1,25.1
2026-10-01T16:00Z,2026-10-02T16:00Z,225612,24,16.9,16.9
2026-10-01T16:00Z,2026-10-03T16:00Z,225612,48,13.5,13.5
2026-10-01T16:00Z,2026-10-01T17:00Z,225613,1,21.1,15.1
2026-10-01T16:00Z,2026-10-01T19:00Z,225613,3,19.6,14.2
2026-10-01T16:00Z,2026-10-01T22:00Z,225613,6,18.7,13.8
2026-10-01T16:00Z,2026-10-02T04:00Z,225613,12,23.9,18.3
2026-10-01T16:00Z,2026-10-02T16:00Z,225613,24,34,27.8
2026-10-01T16:00Z,2026-10-03T16:00Z,225613,48,23.6,20.8
2026-10-01T16:00Z,2026-10-01T17:00Z,225614,1,15.5,17.8
2026-10-01T16:00Z,2026-10-01T19:00Z,225614,3,13.8,15.8
2026-10-01T16:00Z,2026-10-01T22:00Z,225614,6,11.1,12.6
2026-10-01T16:00Z,2026-10-02T04:00Z,225614,12,25.1,28
2026-10-01T16:00Z,2026-10-02T16:00Z,225614,24,16.9,18.4
2026-10-01T16:00Z,2026-10-03T16:00Z,225614,48,13.5,14.2
2026-10-01T16:00Z,2026-10-01T17:00Z,225615,1,12.5,12.5
2026-10-01T16:00Z,2026-10-01T19:00Z,225615,3,14,14
2026-10-01T16:00Z,2026-10-01T22:00Z,225615,6,7.5,7.5
2026-10-01T16:00Z,2026-10-02T04:00Z,225615,12,7.7,7.7
2026-10-01T16:00Z,2026-10-02T16:00Z,225615,24,8.1,8.1
2026-10-01T16:00Z,2026-10-03T16:00Z,225615,48,8.8,8.8
2026-10-01T16:00Z,2026-10-01T17:00Z,225617,1,21.1,21.1
2026-10-01T16:00Z,2026-10-01T19:00Z,225617,3,19.6,19.6
2026-10-01T16:00Z,2026-10-01T22:00Z,225617,6,18.7,18.7
2026-10-01T16:00Z,2026-10-02T04:00Z,225617,12,23.9,23.9
2026-10-01T16:00Z,2026-10-02T16:00Z,225617,24,34,34
2026-10-01T16:00Z,2026-10-03T16:00Z,225617,48,23.6,23.6
2026-10-01T16:00Z,2026-10-01T17:00Z,225619,1,51.6,12.4
2026-10-01T16:00Z,2026-10-01T19:00Z,225619,3,44.9,11.3
2026-10-01T16:00Z,2026-10-01T22:00Z,225619,6,38.1,10.4
2026-10-01T16:00Z,2026-10-02T04:00Z,225619,12,25.5,7.9
2026-10-01T16:00Z,2026-10-02T16:00Z,225619,24,56.2,23.5
2026-10-01T16:00Z,2026-10-03T16:00Z,225619,48,31.5,18.4
2026-10-01T16:00Z,2026-10-01T17:00Z,225620,1,29.5,29.5
2026-10-01T16:00Z,2026-10-01T19:00Z,225620,3,38.1,38.1
2026-10-01T16:00Z,2026-10-01T22:00Z,225620,6,45.4,45.4
2026-10-01T16:00Z,2026-10-02T04:00Z,225620,12,22.8,22.8
2026-10-01T16:00Z,2026-10-02T16:00Z,225620,24,34.1,34.1
2026-10-01T16:00Z,2026-10-03T16:00Z,225620,48,30.2,30.2
2026-10-01T16:00Z,2026-10-01T17:00Z,225621,1,15.5,15.5
2026-10-01T16:00Z,2026-10-01T19:00Z,225621,3,13.8,13.8
2026-10-01T16:00Z,2026-10-01T22:00Z,225621,6,11.1,11.1
2026-10-01T16:00Z,2026-10-02T04:00Z,225621,12,25.1,25.1
2026-10-01T16:00Z,2026-10-02T16:00Z,225621,24,16.9,16.9
2026-10-01T16:00Z,2026-10-03T16:00Z,225621,48,13.5,13.5
2026-10-01T16:00Z,2026-10-01T17:00Z,225622,1,15.5,15.5
2026-10-01T16:00Z,2026-10-01T19:00Z,225622,3,13.8,13.8
2026-10-01T16:00Z,2026-10-01T22:00Z,225622,6,11.1,11.1
2026-10-01T16:00Z,2026-10-02T04:00Z,225622,12,25.1,25.1
2026-10-01T16:00Z,2026-10-02T16:00Z,225622,24,16.9,16.9
2026-10-01T16:00Z,2026-10-03T16:00Z,225622,48,13.5,13.5
2026-10-01T16:00Z,2026-10-01T17:00Z,225624,1,15.5,17.5
2026-10-01T16:00Z,2026-10-01T19:00Z,225624,3,13.8,15.5
2026-10-01T16:00Z,2026-10-01T22:00Z,225624,6,11.1,12.4
2026-10-01T16:00Z,2026-10-02T04:00Z,225624,12,25.1,27.6
2026-10-01T16:00Z,2026-10-02T16:00Z,225624,24,16.9,18.2
2026-10-01T16:00Z,2026-10-03T16:00Z,225624,48,13.5,14.1
2026-10-01T16:00Z,2026-10-01T17:00Z,225625,1,9.1,9.1
2026-10-01T16:00Z,2026-10-01T19:00Z,225625,3,10.3,10.3
2026-10-01T16:00Z,2026-10-01T22:00Z,225625,6,9.4,9.4
2026-10-01T16:00Z,2026-10-02T04:00Z,225625,12,5.7,5.7
2026-10-01T16:00Z,2026-10-02T16:00Z,225625,24,3.7,3.7
2026-10-01T16:00Z,2026-10-03T16:00Z,225625,48,5.1,5.1
2026-10-01T16:00Z,2026-10-01T17:00Z,225629,1,51.6,11.4
2026-10-01T16:00Z,2026-10-01T19:00Z,225629,3,44.9,10.4
2026-10-01T16:00Z,2026-10-01T22:00Z,225629,6,38.1,9.6
2026-10-01T16:00Z,2026-10-02T04:00Z,225629,12,25.5,7.4
2026-10-01T16:00Z,2026-10-02T16:00Z,225629,24,56.2,22.3
2026-10-01T16:00Z,2026-10-03T16:00Z,225629,48,31.5,17.9
2026-10-01T16:00Z,2026-10-01T17:00Z,225630,1,15.9,13.1
2026-10-01T16:00Z,2026-10-01T19:00Z,225630,3,18,15
2026-10-01T16:00Z,2026-10-01T22:00Z,225630,6,10.9,9.1
2026-10-01T16:00Z,2026-10-02T04:00Z,225630,12,10.4,8.9
2026-10-01T16:00Z,2026-10-02T16:00Z,225630,24,8.5,7.5
2026-10-01T16:00Z,2026-10-03T16:00Z,225630,48,10.1,9.4
2026-10-01T16:00Z,2026-10-01T17:00Z,225631,1,15.5,15.5
2026-10-01T16:00Z,2026-10-01T19:00Z,225631,3,13.8,13.8
2026-10-01T16:00Z,2026-10-01T22:00Z,225631,6,11.1,11.1
2026-10-01T16:00Z,2026-10-02T04:00Z,225631,12,25.1,25.1
2026-10-01T16:00Z,2026-10-02T16:00Z,225631,24,16.9,16.9
2026-10-01T16:00Z,2026-10-03T16:00Z,225631,48,13.5,13.5
2026-10-01T16:00Z,2026-10-01T17:00Z,225632,1,15.5,15.5
2026-10-01T16:00Z,2026-10-01T19:00Z,225632,3,13.8,13.8
2026-10-01T16:00Z,2026-10-01T22:00Z,225632,6,11.1,11.1
2026-10-01T16:00Z,2026-10-02T04:00Z,225632,12,25.1,25.1
2026-10-01T16:00Z,2026-10-02T16:00Z,225632,24,16.9,16.9
2026-10-01T16:00Z,2026-10-03T16:00Z,225632,48,13.5,13.5
2026-10-01T16:00Z,2026-10-01T17:00Z,225633,1,15.5,15.5
2026-10-01T16:00Z,2026-10-01T19:00Z,225633,3,13.8,13.8
2026-10-01T16:00Z,2026-10-01T22:00Z,225633,6,11.1,11.1
2026-10-01T16:00Z,2026-10-02T04:00Z,225633,12,25.1,25.1
2026-10-01T16:00Z,2026-10-02T16:00Z,225633,24,16.9,16.9
2026-10-01T16:00Z,2026-10-03T16:00Z,225633,48,13.5,13.5
2026-10-01T16:00Z,2026-10-01T17:00Z,225634,1,15.5,15.5
2026-10-01T16:00Z,2026-10-01T19:00Z,225634,3,13.8,13.8
2026-10-01T16:00Z,2026-10-01T22:00Z,225634,6,11.1,11.1
2026-10-01T16:00Z,2026-10-02T04:00Z,225634,12,25.1,25.1
2026-10-01T16:00Z,2026-10-02T16:00Z,225634,24,16.9,16.9
2026-10-01T16:00Z,2026-10-03T16:00Z,225634,48,13.5,13.5
2026-10-01T16:00Z,2026-10-01T17:00Z,225635,1,21.1,18.9
2026-10-01T16:00Z,2026-10-01T19:00Z,225635,3,19.6,17.7
2026-10-01T16:00Z,2026-10-01T22:00Z,225635,6,18.7,16.9
2026-10-01T16:00Z,2026-10-02T04:00Z,225635,12,23.9,21.9
2026-10-01T16:00Z,2026-10-02T16:00Z,225635,24,34,31.8
2026-10-01T16:00Z,2026-10-03T16:00Z,225635,48,23.6,22.7
2026-10-01T16:00Z,2026-10-01T17:00Z,225636,1,40.2,15.7
2026-10-01T16:00Z,2026-10-01T19:00Z,225636,3,40.7,16.5
2026-10-01T16:00Z,2026-10-01T22:00Z,225636,6,42.1,18.1
2026-10-01T16:00Z,2026-10-02T04:00Z,225636,12,23.8,11.1
2026-10-01T16:00Z,2026-10-02T16:00Z,225636,24,51.3,28.9
2026-10-01T16:00Z,2026-10-03T16:00Z,225636,48,42.7,30.1
2026-10-01T16:00Z,2026-10-01T17:00Z,225637,1,15.5,18
2026-10-01T16:00Z,2026-10-01T19:00Z,225637,3,13.8,15.9
2026-10-01T16:00Z,2026-10-01T22:00Z,225637,6,11.1,12.7
2026-10-01T16:00Z,2026-10-02T04:00Z,225637,12,25.1,28.1
2026-10-01T16:00Z,2026-10-02T16:00Z,225637,24,16.9,18.5
2026-10-01T16:00Z,2026-10-03T16:00Z,225637,48,13.5,14.3
2026-10-01T16:00Z,2026-10-01T17:00Z,225638,1,15.5,18.8
2026-10-01T16:00Z,2026-10-01T19:00Z,225638,3,13.8,16.6
2026-10-01T16:00Z,2026-10-01T22:00Z,225638,6,11.1,13.3
2026-10-01T16:00Z,2026-10-02T04:00Z,225638,12,25.1,29.2
2026-10-01T16:00Z,2026-10-02T16:00Z,225638,24,16.9,19
2026-10-01T16:00Z,2026-10-03T16:00Z,225638,48,13.5,14.5
2026-10-01T16:00Z,2026-10-01T17:00Z,225639,1,7.1,17.8
2026-10-01T16:00Z,2026-10-01T19:00Z,225639,3,7.7,18.5
2026-10-01T16:00Z,2026-10-01T22:00Z,225639,6,8.1,18.4
2026-10-01T16:00Z,2026-10-02T04:00Z,225639,12,7.2,15
2026-10-01T16:00Z,2026-10-02T16:00Z,225639,24,6,10.8
2026-10-01T16:00Z,2026-10-03T16:00Z,225639,48,5.6,8.1
2026-10-01T16:00Z,2026-10-01T17:00Z,225640,1,15.5,13.2
2026-10-01T16:00Z,2026-10-01T19:00Z,225640,3,13.8,11.8
2026-10-01T16:00Z,2026-10-01T22:00Z,225640,6,11.1,9.6
2026-10-01T16:00Z,2026-10-02T04:00Z,225640,12,25.1,22.1
2026-10-01T16:00Z,2026-10-02T16:00Z,225640,24,16.9,15.3
2026-10-01T16:00Z,2026-10-03T16:00Z,225640,48,13.5,12.7
2026-10-01T16:00Z,2026-10-01T17:00Z,225641,1,15.5,20.2
2026-10-01T16:00Z,2026-10-01T19:00Z,225641,3,13.8,17.8
2026-10-01T16:00Z,2026-10-01T22:00Z,225641,6,11.1,14.2
2026-10-01T16:00Z,2026-10-02T04:00Z,225641,12,25.1,30.9
2026-10-01T16:00Z,2026-10-02T16:00Z,225641,24,16.9,19.9
2026-10-01T16:00Z,2026-10-03T16:00Z,225641,48,13.5,14.9
2026-10-01T16:00Z,2026-10-01T17:00Z,225643,1,45.3,45.3
2026-10-01T16:00Z,2026-10-01T19:00Z,225643,3,39.5,39.5
2026-10-01T16:00Z,2026-10-01T22:00Z,225643,6,37,37
2026-10-01T16:00Z,2026-10-02T04:00Z,225643,12,23.5,23.5
2026-10-01T16:00Z,2026-10-02T16:00Z,225643,24,63.1,63.1
2026-10-01T16:00Z,2026-10-03T16:00Z,225643,48,47.7,47.7
2026-10-01T16:00Z,2026-10-01T17:00Z,225644,1,10.3,10.3
2026-10-01T16:00Z,2026-10-01T19:00Z,225644,3,9.6,9.6
2026-10-01T16:00Z,2026-10-01T22:00Z,225644,6,10.2,10.2
2026-10-01T16:00Z,2026-10-02T04:00Z,225644,12,9.1,9.1
2026-10-01T16:00Z,2026-10-02T16:00Z,225644,24,10.7,10.7
2026-10-01T16:00Z,2026-10-03T16:00Z,225644,48,9.7,9.7
2026-10-01T16:00Z,2026-10-01T17:00Z,225645,1,21.1,12.6
2026-10-01T16:00Z,2026-10-01T19:00Z,225645,3,19.6,11.9
2026-10-01T16:00Z,2026-10-01T22:00Z,225645,6,18.7,11.7
2026-10-01T16:00Z,2026-10-02T04:00Z,225645,12,23.9,15.9
2026-10-01T16:00Z,2026-10-02T16:00Z,225645,24,34,24.9
2026-10-01T16:00Z,2026-10-03T16:00Z,225645,48,23.6,19.5
2026-10-01T16:00Z,2026-10-01T17:00Z,225646,1,16,16
2026-10-01T16:00Z,2026-10-01T19:00Z,225646,3,18.9,18.9
2026-10-01T16:00Z,2026-10-01T22:00Z,225646,6,16.2,16.2
2026-10-01T16:00Z,2026-10-02T04:00Z,225646,12,14.8,14.8
2026-10-01T16:00Z,2026-10-02T16:00Z,225646,24,6.1,6.1
2026-10-01T16:00Z,2026-10-03T16:00Z,225646,48,13.1,13.1
2026-10-01T16:00Z,2026-10-01T17:00Z,225647,1,15.5,17.2
2026-10-01T16:00Z,2026-10-01T19:00Z,225647,3,13.8,15.3
2026-10-01T16:00Z,2026-10-01T22:00Z,225647,6,11.1,12.2
2026-10-01T16:00Z,2026-10-02T04:00Z,225647,12,25.1,27.2
2026-10-01T16:00Z,2026-10-02T16:00Z,225647,24,16.9,18
2026-10-01T16:00Z,2026-10-03T16:00Z,225647,48,13.5,14
2026-10-01T16:00Z,2026-10-01T17:00Z,225648,1,9.7,9.7
2026-10-01T16:00Z,2026-10-01T19:00Z,225648,3,9.6,9.6
2026-10-01T16:00Z,2026-10-01T22:00Z,225648,6,9.3,9.3
2026-10-01T16:00Z,2026-10-02T04:00Z,225648,12,8.3,8.3
2026-10-01T16:00Z,2026-10-02T16:00Z,225648,24,8.4,8.4
2026-10-01T16:00Z,2026-10-03T16:00Z,225648,48,9.3,9.3
2026-10-01T16:00Z,2026-10-01T17:00Z,225649,1,17.6,15.8
2026-10-01T16:00Z,2026-10-01T19:00Z,225649,3,19.3,17.4
2026-10-01T16:00Z,2026-10-01T22:00Z,225649,6,13.8,12.5
2026-10-01T16:00Z,2026-10-02T04:00Z,225649,12,4.2,3.8
2026-10-01T16:00Z,2026-10-02T16:00Z,225649,24,8.5,7.9
2026-10-01T16:00Z,2026-10-03T16:00Z,225649,48,12.7,12.2
2026-10-01T16:00Z,2026-10-01T17:00Z,225650,1,15.5,12.8
2026-10-01T16:00Z,2026-10-01T19:00Z,225650,3,13.8,11.5
2026-10-01T16:00Z,2026-10-01T22:00Z,225650,6,11.1,9.3
2026-10-01T16:00Z,2026-10-02T04:00Z,225650,12,25.1,21.6
2026-10-01T16:00Z,2026-10-02T16:00Z,225650,24,16.9,15
2026-10-01T16:00Z,2026-10-03T16:00Z,225650,48,13.5,12.6
2026-10-01T16:00Z,2026-10-01T17:00Z,225651,1,21.1,21.1
2026-10-01T16:00Z,2026-10-01T19:00Z,225651,3,19.6,19.6
2026-10-01T16:00Z,2026-10-01T22:00Z,225651,6,18.7,18.7
2026-10-01T16:00Z,2026-10-02T04:00Z,225651,12,23.9,23.9
2026-10-01T16:00Z,2026-10-02T16:00Z,225651,24,34,34
2026-10-01T16:00Z,2026-10-03T16:00Z,225651,48,23.6,23.6
2026-10-01T16:00Z,2026-10-01T17:00Z,225653,1,15.5,18.3
2026-10-01T16:00Z,2026-10-01T19:00Z,225653,3,13.8,16.2
2026-10-01T16:00Z,2026-10-01T22:00Z,225653,6,11.1,12.9
2026-10-01T16:00Z,2026-10-02T04:00Z,225653,12,25.1,28.6
2026-10-01T16:00Z,2026-10-02T16:00Z,225653,24,16.9,18.7
2026-10-01T16:00Z,2026-10-03T16:00Z,225653,48,13.5,14.4
2026-10-01T16:00Z,2026-10-01T17:00Z,225654,1,16.8,16.8
2026-10-01T16:00Z,2026-10-01T19:00Z,225654,3,17.5,17.5
2026-10-01T16:00Z,2026-10-01T22:00Z,225654,6,17.3,17.3
2026-10-01T16:00Z,2026-10-02T04:00Z,225654,12,23.6,23.6
2026-10-01T16:00Z,2026-10-02T16:00Z,225654,24,10.5,10.5
2026-10-01T16:00Z,2026-10-03T16:00Z,225654,48,7.2,7.2
2026-10-01T16:00Z,2026-10-01T17:00Z,225655,1,13.6,14.1
2026-10-01T16:00Z,2026-10-01T19:00Z,225655,3,16.5,17.1
2026-10-01T16:00Z,2026-10-01T22:00Z,225655,6,12,12.4
2026-10-01T16:00Z,2026-10-02T04:00Z,225655,12,9.9,10.2
2026-10-01T16:00Z,2026-10-02T16:00Z,225655,24,8.9,9.1
2026-10-01T16:00Z,2026-10-03T16:00Z,225655,48,7.9,8
2026-10-01T16:00Z,2026-10-01T17:00Z,225656,1,51.6,17.8
2026-10-01T16:00Z,2026-10-01T19:00Z,225656,3,44.9,16.1
2026-10-01T16:00Z,2026-10-01T22:00Z,225656,6,38.1,14.5
2026-10-01T16:00Z,2026-10-02T04:00Z,225656,12,25.5,10.7
2026-10-01T16:00Z,2026-10-02T16:00Z,225656,24,56.2,29.3
2026-10-01T16:00Z,2026-10-03T16:00Z,225656,48,31.5,21.1
2026-10-01T16:00Z,2026-10-01T17:00Z,225657,1,7.7,18.1
2026-10-01T16:00Z,2026-10-01T19:00Z,225657,3,7.4,16.9
2026-10-01T16:00Z,2026-10-01T22:00Z,225657,6,6.8,14.9
2026-10-01T16:00Z,2026-10-02T04:00Z,225657,12,6.3,12.7
2026-10-01T16:00Z,2026-10-02T16:00Z,225657,24,8.4,14.3
2026-10-01T16:00Z,2026-10-03T16:00Z,225657,48,16.8,22.9
2026-10-01T16:00Z,2026-10-01T17:00Z,225660,1,45.3,20
2026-10-01T16:00Z,2026-10-01T19:00Z,225660,3,39.5,18
2026-10-01T16:00Z,2026-10-01T22:00Z,225660,6,37,17.6
2026-10-01T16:00Z,2026-10-02T04:00Z,225660,12,23.5,12.1
2026-10-01T16:00Z,2026-10-02T16:00Z,225660,24,63.1,38.3
2026-10-01T16:00Z,2026-10-03T16:00Z,225660,48,47.7,35.2
2026-10-01T16:00Z,2026-10-01T17:00Z,225661,1,8.6,8.6
2026-10-01T16:00Z,2026-10-01T19:00Z,225661,3,8.7,8.7
2026-10-01T16:00Z,2026-10-01T22:00Z,225661,6,11.4,11.4
2026-10-01T16:00Z,2026-10-02T04:00Z,225661,12,8.8,8.8
2026-10-01T16:00Z,2026-10-02T16:00Z,225661,24,10.5,10.5
2026-10-01T16:00Z,2026-10-03T16:00Z,225661,48,10.5,10.5
2026-10-01T16:00Z,2026-10-01T17:00Z,225663,1,7.5,7.5
2026-10-01T16:00Z,2026-10-01T19:00Z,225663,3,6,6
2026-10-01T16:00Z,2026-10-01T22:00Z,225663,6,5.6,5.6
2026-10-01T16:00Z,2026-10-02T04:00Z,225663,12,6,6
2026-10-01T16:00Z,2026-10-02T16:00Z,225663,24,8.2,8.2
2026-10-01T16:00Z,2026-10-03T16:00Z,225663,48,7.3,7.3
2026-10-01T16:00Z,2026-10-01T17:00Z,225666,1,14,14.5
2026-10-01T16:00Z,2026-10-01T19:00Z,225666,3,15.7,16.3
2026-10-01T16:00Z,2026-10-01T22:00Z,225666,6,14.6,15.1
2026-10-01T16:00Z,2026-10-02T04:00Z,225666,12,13.9,14.3
2026-10-01T16:00Z,2026-10-02T16:00Z,225666,24,9.5,9.7
2026-10-01T16:00Z,2026-10-03T16:00Z,225666,48,13.5,13.7
2026-10-01T16:00Z,2026-10-01T17:00Z,225667,1,15.5,16.2
2026-10-01T16:00Z,2026-10-01T19:00Z,225667,3,13.8,14.4
2026-10-01T16:00Z,2026-10-01T22:00Z,225667,6,11.1,11.6
2026-10-01T16:00Z,2026-10-02T04:00Z,225667,12,25.1,26
2026-10-01T16:00Z,2026-10-02T16:00Z,225667,24,16.9,17.4
2026-10-01T16:00Z,2026-10-03T16:00Z,225667,48,13.5,13.7
2026-10-01T16:00Z,2026-10-01T17:00Z,225669,1,32.6,32.6
2026-10-01T16:00Z,2026-10-01T19:00Z,225669,3,28.8,28.8
2026-10-01T16:00Z,2026-10-01T22:00Z,225669,6,26.2,26.2
2026-10-01T16:00Z,2026-10-02T04:00Z,225669,12,16.4,16.4
2026-10-01T16:00Z,2026-10-02T16:00Z,225669,24,14,14
2026-10-01T16:00Z,2026-10-03T16:00Z,225669,48,18,18
2026-10-01T16:00Z,2026-10-01T17:00Z,225671,1,45.3,45.3
2026-10-01T16:00Z,2026-10-01T19:00Z,225671,3,39.5,39.5
2026-10-01T16:00Z,2026-10-01T22:00Z,225671,6,37,37
2026-10-01T16:00Z,2026-10-02T04:00Z,225671,12,23.5,23.5
2026-10-01T16:00Z,2026-10-02T16:00Z,225671,24,63.1,63.1
2026-10-01T16:00Z,2026-10-03T16:00Z,225671,48,47.7,47.7
2026-10-01T16:00Z,2026-10-01T17:00Z,225672,1,45.3,14
2026-10-01T16:00Z,2026-10-01T19:00Z,225672,3,39.5,12.8
2026-10-01T16:00Z,2026-10-01T22:00Z,225672,6,37,12.8
2026-10-01T16:00Z,2026-10-02T04:00Z,225672,12,23.5,9
2026-10-01T16:00Z,2026-10-02T16:00Z,225672,24,63.1,31
2026-10-01T16:00Z,2026-10-03T16:00Z,225672,48,47.7,30.9
2026-10-01T16:00Z,2026-10-01T17:00Z,225674,1,12.2,12.2
2026-10-01T16:00Z,2026-10-01T19:00Z,225674,3,12.4,12.4
2026-10-01T16:00Z,2026-10-01T22:00Z,225674,6,7.5,7.5
2026-10-01T16:00Z,2026-10-02T04:00Z,225674,12,8.8,8.8
2026-10-01T16:00Z,2026-10-02T16:00Z,225674,24,13.7,13.7
2026-10-01T16:00Z,2026-10-03T16:00Z,225674,48,13.7,13.7
2026-10-01T16:00Z,2026-10-01T17:00Z,225675,1,29.5,29.5
2026-10-01T16:00Z,2026-10-01T19:00Z,225675,3,38.1,38.1
2026-10-01T16:00Z,2026-10-01T22:00Z,225675,6,45.4,45.4
2026-10-01T16:00Z,2026-10-02T04:00Z,225675,12,22.8,22.8
2026-10-01T16:00Z,2026-10-02T16:00Z,225675,24,34.1,34.1
2026-10-01T16:00Z,2026-10-03T16:00Z,225675,48,30.2,30.2
2026-10-01T16:00Z,2026-10-01T17:00Z,225676,1,46.4,46.4
2026-10-01T16:00Z,2026-10-01T19:00Z,225676,3,43,43
2026-10-01T16:00Z,2026-10-01T22:00Z,225676,6,42.4,42.4
2026-10-01T16:00Z,2026-10-02T04:00Z,225676,12,20.2,20.2
2026-10-01T16:00Z,2026-10-02T16:00Z,225676,24,39.6,39.6
2026-10-01T16:00Z,2026-10-03T16:00Z,225676,48,22.5,22.5
2026-10-01T16:00Z,2026-10-01T17:00Z,225677,1,51.6,51.6
2026-10-01T16:00Z,2026-10-01T19:00Z,225677,3,44.9,44.9
2026-10-01T16:00Z,2026-10-01T22:00Z,225677,6,38.1,38.1
2026-10-01T16:00Z,2026-10-02T04:00Z,225677,12,25.5,25.5
2026-10-01T16:00Z,2026-10-02T16:00Z,225677,24,56.2,56.2
2026-10-01T16:00Z,2026-10-03T16:00Z,225677,48,31.5,31.5
2026-10-01T16:00Z,2026-10-01T17:00Z,225678,1,15.5,14.6
2026-10-01T16:00Z,2026-10-01T19:00Z,225678,3,13.8,13
2026-10-01T16:00Z,2026-10-01T22:00Z,225678,6,11.1,10.5
2026-10-01T16:00Z,2026-10-02T04:00Z,225678,12,25.1,24
2026-10-01T16:00Z,2026-10-02T16:00Z,225678,24,16.9,16.3
2026-10-01T16:00Z,2026-10-03T16:00Z,225678,48,13.5,13.2
2026-10-01T16:00Z,2026-10-01T17:00Z,225679,1,15.5,15.5
2026-10-01T16:00Z,2026-10-01T19:00Z,225679,3,13.8,13.8
2026-10-01T16:00Z,2026-10-01T22:00Z,225679,6,11.1,11.1
2026-10-01T16:00Z,2026-10-02T04:00Z,225679,12,25.1,25.1
2026-10-01T16:00Z,2026-10-02T16:00Z,225679,24,16.9,16.9
2026-10-01T16:00Z,2026-10-03T16:00Z,225679,48,13.5,13.5
2026-10-01T16:00Z,2026-10-01T17:00Z,225681,1,15.5,15.3
2026-10-01T16:00Z,2026-10-01T19:00Z,225681,3,13.8,13.6
2026-10-01T16:00Z,2026-10-01T22:00Z,225681,6,11.1,11
2026-10-01T16:00Z,2026-10-02T04:00Z,225681,12,25.1,24.9
2026-10-01T16:00Z,2026-10-02T16:00Z,225681,24,16.9,16.8
2026-10-01T16:00Z,2026-10-03T16:00Z,225681,48,13.5,13.4
2026-10-01T16:00Z,2026-10-01T17:00Z,225682,1,15.5,15.1
2026-10-01T16:00Z,2026-10-01T19:00Z,225682,3,13.8,13.5
2026-10-01T16:00Z,2026-10-01T22:00Z,225682,6,11.1,10.9
2026-10-01T16:00Z,2026-10-02T04:00Z,225682,12,25.1,24.7
2026-10-01T16:00Z,2026-10-02T16:00Z,225682,24,16.9,16.7
2026-10-01T16:00Z,2026-10-03T16:00Z,225682,48,13.5,13.4
2026-10-01T16:00Z,2026-10-01T17:00Z,225683,1,45.3,45.3
2026-10-01T16:00Z,2026-10-01T19:00Z,225683,3,39.5,39.5
2026-10-01T16:00Z,2026-10-01T22:00Z,225683,6,37,37
2026-10-01T16:00Z,2026-10-02T04:00Z,225683,12,23.5,23.5
2026-10-01T16:00Z,2026-10-02T16:00Z,225683,24,63.1,63.1
2026-10-01T16:00Z,2026-10-03T16:00Z,225683,48,47.7,47.7
2026-10-01T16:00Z,2026-10-01T17:00Z,225684,1,15.5,15.5
2026-10-01T16:00Z,2026-10-01T19:00Z,225684,3,13.8,13.8
2026-10-01T16:00Z,2026-10-01T22:00Z,225684,6,11.1,11.1
2026-10-01T16:00Z,2026-10-02T04:00Z,225684,12,25.1,25.1
2026-10-01T16:00Z,2026-10-02T16:00Z,225684,24,16.9,16.9
2026-10-01T16:00Z,2026-10-03T16:00Z,225684,48,13.5,13.5
2026-10-01T16:00Z,2026-10-01T17:00Z,225688,1,15.5,15.5
2026-10-01T16:00Z,2026-10-01T19:00Z,225688,3,13.8,13.8
2026-10-01T16:00Z,2026-10-01T22:00Z,225688,6,11.1,11.1
2026-10-01T16:00Z,2026-10-02T04:00Z,225688,12,25.1,25.1
2026-10-01T16:00Z,2026-10-02T16:00Z,225688,24,16.9,16.9
2026-10-01T16:00Z,2026-10-03T16:00Z,225688,48,13.5,13.5
2026-10-01T16:00Z,2026-10-01T17:00Z,225689,1,15.5,14.8
2026-10-01T16:00Z,2026-10-01T19:00Z,225689,3,13.8,13.2
2026-10-01T16:00Z,2026-10-01T22:00Z,225689,6,11.1,10.6
2026-10-01T16:00Z,2026-10-02T04:00Z,225689,12,25.1,24.2
2026-10-01T16:00Z,2026-10-02T16:00Z,225689,24,16.9,16.4
2026-10-01T16:00Z,2026-10-03T16:00Z,225689,48,13.5,13.3
2026-10-01T16:00Z,2026-10-01T17:00Z,225691,1,15.5,15.5
2026-10-01T16:00Z,2026-10-01T19:00Z,225691,3,13.8,13.8
2026-10-01T16:00Z,2026-10-01T22:00Z,225691,6,11.1,11.1
2026-10-01T16:00Z,2026-10-02T04:00Z,225691,12,25.1,25.1
2026-10-01T16:00Z,2026-10-02T16:00Z,225691,24,16.9,16.9
2026-10-01T16:00Z,2026-10-03T16:00Z,225691,48,13.5,13.5
2026-10-01T16:00Z,2026-10-01T17:00Z,228541,1,4.5,4.5
2026-10-01T16:00Z,2026-10-01T19:00Z,228541,3,9.2,9.2
2026-10-01T16:00Z,2026-10-01T22:00Z,228541,6,9,9
2026-10-01T16:00Z,2026-10-02T04:00Z,228541,12,2.8,2.8
2026-10-01T16:00Z,2026-10-02T16:00Z,228541,24,2.4,2.4
2026-10-01T16:00Z,2026-10-03T16:00Z,228541,48,4.9,4.9
2026-10-01T16:00Z,2026-10-01T17:00Z,228542,1,5.2,11.3
2026-10-01T16:00Z,2026-10-01T19:00Z,228542,3,5.8,12.1
2026-10-01T16:00Z,2026-10-01T22:00Z,228542,6,8.5,16.6
2026-10-01T16:00Z,2026-10-02T04:00Z,228542,12,6.4,11.7
2026-10-01T16:00Z,2026-10-02T16:00Z,228542,24,5.3,8.6
2026-10-01T16:00Z,2026-10-03T16:00Z,228542,48,6.2,8.3
2026-10-01T16:00Z,2026-10-01T17:00Z,228543,1,11.4,12.6
2026-10-01T16:00Z,2026-10-01T19:00Z,228543,3,11.1,12.2
2026-10-01T16:00Z,2026-10-01T22:00Z,228543,6,8,8.8
2026-10-01T16:00Z,2026-10-02T04:00Z,228543,12,6.3,6.8
2026-10-01T16:00Z,2026-10-02T16:00Z,228543,24,5.4,5.8
2026-10-01T16:00Z,2026-10-03T16:00Z,228543,48,10.1,10.5
2026-10-01T16:00Z,2026-10-01T17:00Z,228544,1,8.2,9.8
2026-10-01T16:00Z,2026-10-01T19:00Z,228544,3,10.6,12.5
2026-10-01T16:00Z,2026-10-01T22:00Z,228544,6,8.9,10.5
2026-10-01T16:00Z,2026-10-02T04:00Z,228544,12,8.4,9.7
2026-10-01T16:00Z,2026-10-02T16:00Z,228544,24,5.8,6.5
2026-10-01T16:00Z,2026-10-03T16:00Z,228544,48,9.5,10.2
2026-10-01T16:00Z,2026-10-01T17:00Z,228627,1,12.7,18.7
2026-10-01T16:00Z,2026-10-01T19:00Z,228627,3,12.3,17.9
2026-10-01T16:00Z,2026-10-01T22:00Z,228627,6,8.6,12.3
2026-10-01T16:00Z,2026-10-02T04:00Z,228627,12,8.8,12.1
2026-10-01T16:00Z,2026-10-02T16:00Z,228627,24,4.7,6.1
2026-10-01T16:00Z,2026-10-03T16:00Z,228627,48,4.6,5.4
2026-10-01T16:00Z,2026-10-01T17:00Z,270250,1,9.7,9.7
2026-10-01T16:00Z,2026-10-01T19:00Z,270250,3,9.7,9.7
2026-10-01T16:00Z,2026-10-01T22:00Z,270250,6,3,3
2026-10-01T16:00Z,2026-10-02T04:00Z,270250,12,2.9,2.9
2026-10-01T16:00Z,2026-10-02T16:00Z,270250,24,5.2,5.2
2026-10-01T16:00Z,2026-10-03T16:00Z,270250,48,5.5,5.5
2026-10-01T16:00Z,2026-10-01T17:00Z,270702,1,7.4,14.6
2026-10-01T16:00Z,2026-10-01T19:00Z,270702,3,7.6,14.6
2026-10-01T16:00Z,2026-10-01T22:00Z,270702,6,8.1,14.9
2026-10-01T16:00Z,2026-10-02T04:00Z,270702,12,6.5,11.3
2026-10-01T16:00Z,2026-10-02T16:00Z,270702,24,7.2,11
2026-10-01T16:00Z,2026-10-03T16:00Z,270702,48,7.8,10.1
2026-10-01T16:00Z,2026-10-01T17:00Z,351927,1,9.3,12.8
2026-10-01T16:00Z,2026-10-01T19:00Z,351927,3,10.2,13.9
2026-10-01T16:00Z,2026-10-01T22:00Z,351927,6,8.1,10.9
2026-10-01T16:00Z,2026-10-02T04:00Z,351927,12,5.9,7.7
2026-10-01T16:00Z,2026-10-02T16:00Z,351927,24,7.2,8.8
2026-10-01T16:00Z,2026-10-03T16:00Z,351927,48,13.1,14.7
2026-10-01T16:00Z,2026-10-01T17:00Z,353740,1,6.1,7
2026-10-01T16:00Z,2026-10-01T19:00Z,353740,3,5,5.7
2026-10-01T16:00Z,2026-10-01T22:00Z,353740,6,3.8,4.3
2026-10-01T16:00Z,2026-10-02T04:00Z,353740,12,6.9,7.7
2026-10-01T16:00Z,2026-10-02T16:00Z,353740,24,5.7,6.2
2026-10-01T16:00Z,2026-10-03T16:00Z,353740,48,8.6,9
2026-10-01T16:00Z,2026-10-01T17:00Z,353741,1,11.8,16.9
2026-10-01T16:00Z,2026-10-01T19:00Z,353741,3,17.1,24
2026-10-01T16:00Z,2026-10-01T22:00Z,353741,6,8.4,11.7
2026-10-01T16:00Z,2026-10-02T04:00Z,353741,12,4,5.5
2026-10-01T16:00Z,2026-10-02T16:00Z,353741,24,6.2,7.9
2026-10-01T16:00Z,2026-10-03T16:00Z,353741,48,9.1,10.5
2026-10-01T16:00Z,2026-10-01T17:00Z,353742,1,9.4,14.9
2026-10-01T16:00Z,2026-10-01T19:00Z,353742,3,8.9,13.9
2026-10-01T16:00Z,2026-10-01T22:00Z,353742,6,10.3,15.6
2026-10-01T16:00Z,2026-10-02T04:00Z,353742,12,6.1,8.9
2026-10-01T16:00Z,2026-10-02T16:00Z,353742,24,5,6.8
2026-10-01T16:00Z,2026-10-03T16:00Z,353742,48,6.4,7.7
2026-10-01T16:00Z,2026-10-01T17:00Z,353743,1,6.9,14
2026-10-01T16:00Z,2026-10-01T19:00Z,353743,3,8.6,16.8
2026-10-01T16:00Z,2026-10-01T22:00Z,353743,6,9.8,18.3
2026-10-01T16:00Z,2026-10-02T04:00Z,353743,12,5.9,10.5
2026-10-01T16:00Z,2026-10-02T16:00Z,353743,24,6.5,10.2
2026-10-01T16:00Z,2026-10-03T16:00Z,353743,48,6.6,8.7
2026-10-01T16:00Z,2026-10-01T17:00Z,354124,1,9.2,7.5
2026-10-01T16:00Z,2026-10-01T19:00Z,354124,3,7.9,6.4
2026-10-01T16:00Z,2026-10-01T22:00Z,354124,6,4.8,3.9
2026-10-01T16:00Z,2026-10-02T04:00Z,354124,12,7.2,6.1
2026-10-01T16:00Z,2026-10-02T16:00Z,354124,24,5,4.3
2026-10-01T16:00Z,2026-10-03T16:00Z,354124,48,5,4.6
2026-10-01T16:00Z,2026-10-01T17:00Z,368390,1,15.5,13.8
2026-10-01T16:00Z,2026-10-01T19:00Z,368390,3,13.8,12.3
2026-10-01T16:00Z,2026-10-01T22:00Z,368390,6,11.1,10
2026-10-01T16:00Z,2026-10-02T04:00Z,368390,12,25.1,22.9
2026-10-01T16:00Z,2026-10-02T16:00Z,368390,24,16.9,15.7
2026-10-01T16:00Z,2026-10-03T16:00Z,368390,48,13.5,12.9
2026-10-01T16:00Z,2026-10-01T17:00Z,368391,1,21.1,12.2
2026-10-01T16:00Z,2026-10-01T19:00Z,368391,3,19.6,11.6
2026-10-01T16:00Z,2026-10-01T22:00Z,368391,6,18.7,11.4
2026-10-01T16:00Z,2026-10-02T04:00Z,368391,12,23.9,15.5
2026-10-01T16:00Z,2026-10-02T16:00Z,368391,24,34,24.4
2026-10-01T16:00Z,2026-10-03T16:00Z,368391,48,23.6,19.3
2026-10-01T16:00Z,2026-10-01T17:00Z,368392,1,45.3,45.3
2026-10-01T16:00Z,2026-10-01T19:00Z,368392,3,39.5,39.5
2026-10-01T16:00Z,2026-10-01T22:00Z,368392,6,37,37
2026-10-01T16:00Z,2026-10-02T04:00Z,368392,12,23.5,23.5
2026-10-01T16:00Z,2026-10-02T16:00Z,368392,24,63.1,63.1
2026-10-01T16:00Z,2026-10-03T16:00Z,368392,48,47.7,47.7
2026-10-01T16:00Z,2026-10-01T17:00Z,368393,1,51.6,17.5
2026-10-01T16:00Z,2026-10-01T19:00Z,368393,3,44.9,15.8
2026-10-01T16:00Z,2026-10-01T22:00Z,368393,6,38.1,14.2
2026-10-01T16:00Z,2026-10-02T04:00Z,368393,12,25.5,10.5
2026-10-01T16:00Z,2026-10-02T16:00Z,368393,24,56.2,28.9
2026-10-01T16:00Z,2026-10-03T16:00Z,368393,48,31.5,20.9
2026-10-01T16:00Z,2026-10-01T17:00Z,368395,1,15.5,13.6
2026-10-01T16:00Z,2026-10-01T19:00Z,368395,3,13.8,12.1
2026-10-01T16:00Z,2026-10-01T22:00Z,368395,6,11.1,9.8
2026-10-01T16:00Z,2026-10-02T04:00Z,368395,12,25.1,22.6
2026-10-01T16:00Z,2026-10-02T16:00Z,368395,24,16.9,15.6
2026-10-01T16:00Z,2026-10-03T16:00Z,368395,48,13.5,12.8
2026-10-01T16:00Z,2026-10-01T17:00Z,368396,1,51.6,14.2
2026-10-01T16:00Z,2026-10-01T19:00Z,368396,3,44.9,13
2026-10-01T16:00Z,2026-10-01T22:00Z,368396,6,38.1,11.8
2026-10-01T16:00Z,2026-10-02T04:00Z,368396,12,25.5,8.9
2026-10-01T16:00Z,2026-10-02T16:00Z,368396,24,56.2,25.6
2026-10-01T16:00Z,2026-10-03T16:00Z,368396,48,31.5,19.4
2026-10-01T16:00Z,2026-10-01T17:00Z,368397,1,15.5,14.1
2026-10-01T16:00Z,2026-10-01T19:00Z,368397,3,13.8,12.6
2026-10-01T16:00Z,2026-10-01T22:00Z,368397,6,11.1,10.2
2026-10-01T16:00Z,2026-10-02T04:00Z,368397,12,25.1,23.4
2026-10-01T16:00Z,2026-10-02T16:00Z,368397,24,16.9,16
2026-10-01T16:00Z,2026-10-03T16:00Z,368397,48,13.5,13
2026-10-01T16:00Z,2026-10-01T17:00Z,368399,1,15.5,13
2026-10-01T16:00Z,2026-10-01T19:00Z,368399,3,13.8,11.7
2026-10-01T16:00Z,2026-10-01T22:00Z,368399,6,11.1,9.5
2026-10-01T16:00Z,2026-10-02T04:00Z,368399,12,25.1,21.9
2026-10-01T16:00Z,2026-10-02T16:00Z,368399,24,16.9,15.2
2026-10-01T16:00Z,2026-10-03T16:00Z,368399,48,13.5,12.6
2026-10-01T16:00Z,2026-10-01T17:00Z,368401,1,45.3,14.5
2026-10-01T16:00Z,2026-10-01T19:00Z,368401,3,39.5,13.2
2026-10-01T16:00Z,2026-10-01T22:00Z,368401,6,37,13.2
2026-10-01T16:00Z,2026-10-02T04:00Z,368401,12,23.5,9.3
2026-10-01T16:00Z,2026-10-02T16:00Z,368401,24,63.1,31.6
2026-10-01T16:00Z,2026-10-03T16:00Z,368401,48,47.7,31.3
2026-10-01T16:00Z,2026-10-01T17:00Z,368402,1,21.1,14.8
2026-10-01T16:00Z,2026-10-01T19:00Z,368402,3,19.6,14
2026-10-01T16:00Z,2026-10-01T22:00Z,368402,6,18.7,13.6
2026-10-01T16:00Z,2026-10-02T04:00Z,368402,12,23.9,18.1
2026-10-01T16:00Z,2026-10-02T16:00Z,368402,24,34,27.5
2026-10-01T16:00Z,2026-10-03T16:00Z,368402,48,23.6,20.7
2026-10-01T16:00Z,2026-10-01T17:00Z,368403,1,51.6,14.2
2026-10-01T16:00Z,2026-10-01T19:00Z,368403,3,44.9,12.9
2026-10-01T16:00Z,2026-10-01T22:00Z,368403,6,38.1,11.8
2026-10-01T16:00Z,2026-10-02T04:00Z,368403,12,25.5,8.9
2026-10-01T16:00Z,2026-10-02T16:00Z,368403,24,56.2,25.5
2026-10-01T16:00Z,2026-10-03T16:00Z,368403,48,31.5,19.4
2026-10-01T16:00Z,2026-10-01T17:00Z,368405,1,15.5,15.5
2026-10-01T16:00Z,2026-10-01T19:00Z,368405,3,13.8,13.8
2026-10-01T16:00Z,2026-10-01T22:00Z,368405,6,11.1,11.1
2026-10-01T16:00Z,2026-10-02T04:00Z,368405,12,25.1,25.1
2026-10-01T16:00Z,2026-10-02T16:00Z,368405,24,16.9,16.9
2026-10-01T16:00Z,2026-10-03T16:00Z,368405,48,13.5,13.5
2026-10-01T16:00Z,2026-10-01T17:00Z,368406,1,15.5,17.4
2026-10-01T16:00Z,2026-10-01T19:00Z,368406,3,13.8,15.5
2026-10-01T16:00Z,2026-10-01T22:00Z,368406,6,11.1,12.4
2026-10-01T16:00Z,2026-10-02T04:00Z,368406,12,25.1,27.5
2026-10-01T16:00Z,2026-10-02T16:00Z,368406,24,16.9,18.2
2026-10-01T16:00Z,2026-10-03T16:00Z,368406,48,13.5,14.1
2026-10-01T16:00Z,2026-10-01T17:00Z,368407,1,51.6,13.2
2026-10-01T16:00Z,2026-10-01T19:00Z,368407,3,44.9,12.1
2026-10-01T16:00Z,2026-10-01T22:00Z,368407,6,38.1,11
2026-10-01T16:00Z,2026-10-02T04:00Z,368407,12,25.5,8.4
2026-10-01T16:00Z,2026-10-02T16:00Z,368407,24,56.2,24.4
2026-10-01T16:00Z,2026-10-03T16:00Z,368407,48,31.5,18.9
2026-10-01T16:00Z,2026-10-01T17:00Z,368485,1,15.5,14.8
2026-10-01T16:00Z,2026-10-01T19:00Z,368485,3,13.8,13.2
2026-10-01T16:00Z,2026-10-01T22:00Z,368485,6,11.1,10.6
2026-10-01T16:00Z,2026-10-02T04:00Z,368485,12,25.1,24.2
2026-10-01T16:00Z,2026-10-02T16:00Z,368485,24,16.9,16.4
2026-10-01T16:00Z,2026-10-03T16:00Z,368485,48,13.5,13.3
2026-10-01T16:00Z,2026-10-01T17:00Z,385742,1,29.3,29.3
2026-10-01T16:00Z,2026-10-01T19:00Z,385742,3,34.2,34.2
2026-10-01T16:00Z,2026-10-01T22:00Z,385742,6,37.1,37.1
2026-10-01T16:00Z,2026-10-02T04:00Z,385742,12,17.9,17.9
2026-10-01T16:00Z,2026-10-02T16:00Z,385742,24,17.4,17.4
2026-10-01T16:00Z,2026-10-03T16:00Z,385742,48,14.2,14.2
2026-10-01T16:00Z,2026-10-01T17:00Z,1650686,1,4.9,4.9
2026-10-01T16:00Z,2026-10-01T19:00Z,1650686,3,6,6
2026-10-01T16:00Z,2026-10-01T22:00Z,1650686,6,6.5,6.5
2026-10-01T16:00Z,2026-10-02T04:00Z,1650686,12,3.2,3.2
2026-10-01T16:00Z,2026-10-02T16:00Z,1650686,24,4.6,4.6
2026-10-01T16:00Z,2026-10-03T16:00Z,1650686,48,4.3,4.3
2026-10-01T16:00Z,2026-10-01T17:00Z,1650687,1,10.3,10.7
2026-10-01T16:00Z,2026-10-01T19:00Z,1650687,3,9.3,9.7
2026-10-01T16:00Z,2026-10-01T22:00Z,1650687,6,8.8,9.1
2026-10-01T16:00Z,2026-10-02T04:00Z,1650687,12,5.7,5.9
2026-10-01T16:00Z,2026-10-02T16:00Z,1650687,24,6.1,6.3
2026-10-01T16:00Z,2026-10-03T16:00Z,1650687,48,7.8,7.9
2026-10-01T16:00Z,2026-10-01T17:00Z,1650688,1,29.3,16.9
2026-10-01T16:00Z,2026-10-01T19:00Z,1650688,3,34.2,20.3
2026-10-01T16:00Z,2026-10-01T22:00Z,1650688,6,37.1,22.7
2026-10-01T16:00Z,2026-10-02T04:00Z,1650688,12,17.9,11.4
2026-10-01T16:00Z,2026-10-02T16:00Z,1650688,24,17.4,12.3
2026-10-01T16:00Z,2026-10-03T16:00Z,1650688,48,14.2,11.5
2026-10-01T16:00Z,2026-10-01T17:00Z,1785688,1,7.1,11.4
2026-10-01T16:00Z,2026-10-01T19:00Z,1785688,3,7.2,11.3
2026-10-01T16:00Z,2026-10-01T22:00Z,1785688,6,10.1,15.3
2026-10-01T16:00Z,2026-10-02T04:00Z,1785688,12,5.1,7.6
2026-10-01T16:00Z,2026-10-02T16:00Z,1785688,24,4.6,6.3
2026-10-01T16:00Z,2026-10-03T16:00Z,1785688,48,6.6,7.9
2026-10-01T16:00Z,2026-10-01T17:00Z,1785690,1,6.2,17.7
2026-10-01T16:00Z,2026-10-01T19:00Z,1785690,3,5.9,16.3
2026-10-01T16:00Z,2026-10-01T22:00Z,1785690,6,5.1,13.4
2026-10-01T16:00Z,2026-10-02T04:00Z,1785690,12,7.5,17.2
2026-10-01T16:00Z,2026-10-02T16:00Z,1785690,24,7.2,13.8
2026-10-01T16:00Z,2026-10-03T16:00Z,1785690,48,8.1,12
2026-10-01T16:00Z,2026-10-01T17:00Z,1785691,1,11.3,10.4
2026-10-01T16:00Z,2026-10-01T19:00Z,1785691,3,13.2,12.2
2026-10-01T16:00Z,2026-10-01T22:00Z,1785691,6,17.1,15.9
2026-10-01T16:00Z,2026-10-02T04:00Z,1785691,12,18.3,17.1
2026-10-01T16:00Z,2026-10-02T16:00Z,1785691,24,27.9,26.5
2026-10-01T16:00Z,2026-10-03T16:00Z,1785691,48,19.8,19.2
2026-10-01T16:00Z,2026-10-01T17:00Z,1785692,1,9.6,7.9
2026-10-01T16:00Z,2026-10-01T19:00Z,1785692,3,8.4,7
2026-10-01T16:00Z,2026-10-01T22:00Z,1785692,6,6.6,5.5
2026-10-01T16:00Z,2026-10-02T04:00Z,1785692,12,7.9,6.8
2026-10-01T16:00Z,2026-10-02T16:00Z,1785692,24,7.4,6.6
2026-10-01T16:00Z,2026-10-03T16:00Z,1785692,48,9.6,8.9
2026-10-01T16:00Z,2026-10-01T17:00Z,1785694,1,10.1,10
2026-10-01T16:00Z,2026-10-01T19:00Z,1785694,3,7.3,7.3
2026-10-01T16:00Z,2026-10-01T22:00Z,1785694,6,6.4,6.4
2026-10-01T16:00Z,2026-10-02T04:00Z,1785694,12,5.6,5.6
2026-10-01T16:00Z,2026-10-02T16:00Z,1785694,24,7.5,7.5
2026-10-01T16:00Z,2026-10-03T16:00Z,1785694,48,8.5,8.5
2026-10-01T16:00Z,2026-10-01T17:00Z,1873401,1,10.4,12.1
2026-10-01T16:00Z,2026-10-01T19:00Z,1873401,3,10.1,11.7
2026-10-01T16:00Z,2026-10-01T22:00Z,1873401,6,8.3,9.6
2026-10-01T16:00Z,2026-10-02T04:00Z,1873401,12,6.1,6.9
2026-10-01T16:00Z,2026-10-02T16:00Z,1873401,24,7.9,8.7
2026-10-01T16:00Z,2026-10-03T16:00Z,1873401,48,10.4,11
2026-10-01T16:00Z,2026-10-01T17:00Z,1993935,1,4.5,10.4
2026-10-01T16:00Z,2026-10-01T19:00Z,1993935,3,6.3,13.7
2026-10-01T16:00Z,2026-10-01T22:00Z,1993935,6,7.5,15.4
2026-10-01T16:00Z,2026-10-02T04:00Z,1993935,12,4.7,9.2
2026-10-01T16:00Z,2026-10-02T16:00Z,1993935,24,5,8.4
2026-10-01T16:00Z,2026-10-03T16:00Z,1993935,48,5.6,7.7
2026-10-01T16:00Z,2026-10-01T17:00Z,3047300,1,13.3,11.3
2026-10-01T16:00Z,2026-10-01T19:00Z,3047300,3,10.9,9.3
2026-10-01T16:00Z,2026-10-01T22:00Z,3047300,6,3.2,2.7
2026-10-01T16:00Z,2026-10-02T04:00Z,3047300,12,7.1,6.2
2026-10-01T16:00Z,2026-10-02T16:00Z,3047300,24,4.6,4.1
2026-10-01T16:00Z,2026-10-03T16:00Z,3047300,48,3.6,3.3
2026-10-01T16:00Z,2026-10-01T17:00Z,3345345,1,22.8,16.9
2026-10-01T16:00Z,2026-10-01T19:00Z,3345345,3,23.7,17.8
2026-10-01T16:00Z,2026-10-01T22:00Z,3345345,6,27.4,21
2026-10-01T16:00Z,2026-10-02T04:00Z,3345345,12,13.8,10.8
2026-10-01T16:00Z,2026-10-02T16:00Z,3345345,24,16.2,13.4
2026-10-01T16:00Z,2026-10-03T16:00Z,3345345,48,13.1,11.7
2026-10-01T16:00Z,2026-10-01T17:00Z,3347581,1,7.8,17.2
2026-10-01T16:00Z,2026-10-01T19:00Z,3347581,3,9.6,20.3
2026-10-01T16:00Z,2026-10-01T22:00Z,3347581,6,10.6,21.3
2026-10-01T16:00Z,2026-10-02T04:00Z,3347581,12,6.6,12.5
2026-10-01T16:00Z,2026-10-02T16:00Z,3347581,24,7.1,11.7
2026-10-01T16:00Z,2026-10-03T16:00Z,3347581,48,6.3,8.6
2026-10-01T16:00Z,2026-10-01T17:00Z,5554536,1,12.6,13.3
2026-10-01T16:00Z,2026-10-01T19:00Z,5554536,3,15.1,15.9
2026-10-01T16:00Z,2026-10-01T22:00Z,5554536,6,16.4,17.3
2026-10-01T16:00Z,2026-10-02T04:00Z,5554536,12,8.9,9.3
2026-10-01T16:00Z,2026-10-02T16:00Z,5554536,24,9.3,9.6
2026-10-01T16:00Z,2026-10-03T16:00Z,5554536,48,8.1,8.3
2026-10-01T16:00Z,2026-10-01T17:00Z,5554537,1,12.6,22.2
2026-10-01T16:00Z,2026-10-01T19:00Z,5554537,3,15.1,25.9
2026-10-01T16:00Z,2026-10-01T22:00Z,5554537,6,16.4,27.2
2026-10-01T16:00Z,2026-10-02T04:00Z,5554537,12,8.9,14.1
2026-10-01T16:00Z,2026-10-02T16:00Z,5554537,24,9.3,13.3
2026-10-01T16:00Z,2026-10-03T16:00Z,5554537,48,8.1,10.1
2026-10-01T16:00Z,2026-10-01T17:00Z,5554538,1,8.3,15.2
2026-10-01T16:00Z,2026-10-01T19:00Z,5554538,3,6.5,11.8
2026-10-01T16:00Z,2026-10-01T22:00Z,5554538,6,7.5,13
2026-10-01T16:00Z,2026-10-02T04:00Z,5554538,12,6.7,11
2026-10-01T16:00Z,2026-10-02T16:00Z,5554538,24,4,6.1
2026-10-01T16:00Z,2026-10-03T16:00Z,5554538,48,4.4,5.7
2026-10-01T16:00Z,2026-10-01T17:00Z,5554539,1,15.1,17.8
2026-10-01T16:00Z,2026-10-01T19:00Z,5554539,3,14.5,17
2026-10-01T16:00Z,2026-10-01T22:00Z,5554539,6,9.9,11.5
2026-10-01T16:00Z,2026-10-02T04:00Z,5554539,12,6.2,7.2
2026-10-01T16:00Z,2026-10-02T16:00Z,5554539,24,4.2,4.7
2026-10-01T16:00Z,2026-10-03T16:00Z,5554539,48,4.7,5
2026-10-01T16:00Z,2026-10-01T17:00Z,6262229,1,15.5,16.1
2026-10-01T16:00Z,2026-10-01T19:00Z,6262229,3,13.8,14.3
2026-10-01T16:00Z,2026-10-01T22:00Z,6262229,6,11.1,11.5
2026-10-01T16:00Z,2026-10-02T04:00Z,6262229,12,25.1,25.9
2026-10-01T16:00Z,2026-10-02T16:00Z,6262229,24,16.9,17.3
2026-10-01T16:00Z,2026-10-03T16:00Z,6262229,48,13.5,13.7
2026-10-01T16:00Z,2026-10-01T17:00Z,225576,1,22.8,11.7
2026-10-01T16:00Z,2026-10-01T19:00Z,225576,3,23.7,12.5
2026-10-01T16:00Z,2026-10-01T22:00Z,225576,6,27.4,15.1
2026-10-01T16:00Z,2026-10-02T04:00Z,225576,12,13.8,8
2026-10-01T16:00Z,2026-10-02T16:00Z,225576,24,16.2,10.6
2026-10-01T16:00Z,2026-10-03T16:00Z,225576,48,13.1,10.1
2026-10-01T16:00Z,2026-10-01T17:00Z,368394,1,15.5,12.6
2026-10-01T16:00Z,2026-10-01T19:00Z,368394,3,13.8,11.3
2026-10-01T16:00Z,2026-10-01T22:00Z,368394,6,11.1,9.2
2026-10-01T16:00Z,2026-10-02T04:00Z,368394,12,25.1,21.4
2026-10-01T16:00Z,2026-10-02T16:00Z,368394,24,16.9,14.9
2026-10-01T16:00Z,2026-10-03T16:00Z,368394,48,13.5,12.5
2026-10-01T16:00Z,2026-10-01T17:00Z,2411,1,16,16
2026-10-01T16:00Z,2026-10-01T19:00Z,2411,3,18.9,18.9
2026-10-01T16:00Z,2026-10-01T22:00Z,2411,6,16.2,16.2
2026-10-01T16:00Z,2026-10-02T04:00Z,2411,12,14.8,14.8
2026-10-01T16:00Z,2026-10-02T16:00Z,2411,24,6.1,6.1
2026-10-01T16:00Z,2026-10-03T16:00Z,2411,48,13.1,13.1
2026-10-01T16:00Z,2026-10-01T17:00Z,225570,1,16,16
2026-10-01T16:00Z,2026-10-01T19:00Z,225570,3,18.9,18.9
2026-10-01T16:00Z,2026-10-01T22:00Z,225570,6,16.2,16.2
2026-10-01T16:00Z,2026-10-02T04:00Z,225570,12,14.8,14.8
2026-10-01T16:00Z,2026-10-02T16:00Z,225570,24,6.1,6.1
2026-10-01T16:00Z,2026-10-03T16:00Z,225570,48,13.1,13.1
2026-10-01T16:00Z,2026-10-01T17:00Z,225692,1,16,16
2026-10-01T16:00Z,2026-10-01T19:00Z,225692,3,18.9,18.9
2026-10-01T16:00Z,2026-10-01T22:00Z,225692,6,16.2,16.2
2026-10-01T16:00Z,2026-10-02T04:00Z,225692,12,14.8,14.8
2026-10-01T16:00Z,2026-10-02T16:00Z,225692,24,6.1,6.1
2026-10-01T16:00Z,2026-10-03T16:00Z,225692,48,13.1,13.1
2026-10-01T16:00Z,2026-10-01T17:00Z,225609,1,9.5,9.5
2026-10-01T16:00Z,2026-10-01T19:00Z,225609,3,9.5,9.5
2026-10-01T16:00Z,2026-10-01T22:00Z,225609,6,12.3,12.3
2026-10-01T16:00Z,2026-10-02T04:00Z,225609,12,7.8,7.8
2026-10-01T16:00Z,2026-10-02T16:00Z,225609,24,7.8,7.8
2026-10-01T16:00Z,2026-10-03T16:00Z,225609,48,6.6,6.6
2026-10-01T16:00Z,2026-10-01T17:00Z,2326,1,21.1,21.1
2026-10-01T16:00Z,2026-10-01T19:00Z,2326,3,19.6,19.6
2026-10-01T16:00Z,2026-10-01T22:00Z,2326,6,18.7,18.7
2026-10-01T16:00Z,2026-10-02T04:00Z,2326,12,23.9,23.9
2026-10-01T16:00Z,2026-10-02T16:00Z,2326,24,34,34
2026-10-01T16:00Z,2026-10-03T16:00Z,2326,48,23.6,23.6
2026-10-01T16:00Z,2026-10-01T17:00Z,225673,1,15.5,15.5
2026-10-01T16:00Z,2026-10-01T19:00Z,225673,3,13.8,13.8
2026-10-01T16:00Z,2026-10-01T22:00Z,225673,6,11.1,11.1
2026-10-01T16:00Z,2026-10-02T04:00Z,225673,12,25.1,25.1
2026-10-01T16:00Z,2026-10-02T16:00Z,225673,24,16.9,16.9
2026-10-01T16:00Z,2026-10-03T16:00Z,225673,48,13.5,13.5
2026-10-01T16:00Z,2026-10-01T17:00Z,225686,1,15.5,15.5
2026-10-01T16:00Z,2026-10-01T19:00Z,225686,3,13.8,13.8
2026-10-01T16:00Z,2026-10-01T22:00Z,225686,6,11.1,11.1
2026-10-01T16:00Z,2026-10-02T04:00Z,225686,12,25.1,25.1
2026-10-01T16:00Z,2026-10-02T16:00Z,225686,24,16.9,16.9
2026-10-01T16:00Z,2026-10-03T16:00Z,225686,48,13.5,13.5
2026-10-01T16:00Z,2026-10-01T17:00Z,225642,1,15.5,15.5
2026-10-01T16:00Z,2026-10-01T19:00Z,225642,3,13.8,13.8
2026-10-01T16:00Z,2026-10-01T22:00Z,225642,6,11.1,11.1
2026-10-01T16:00Z,2026-10-02T04:00Z,225642,12,25.1,25.1
2026-10-01T16:00Z,2026-10-02T16:00Z,225642,24,16.9,16.9
2026-10-01T16:00Z,2026-10-03T16:00Z,225642,48,13.5,13.5
2026-10-01T16:00Z,2026-10-01T17:00Z,2161292,1,46.2,46.2
2026-10-01T16:00Z,2026-10-01T19:00Z,2161292,3,46.3,46.3
2026-10-01T16:00Z,2026-10-01T22:00Z,2161292,6,44.6,44.6
2026-10-01T16:00Z,2026-10-02T04:00Z,2161292,12,34.7,34.7
2026-10-01T16:00Z,2026-10-02T16:00Z,2161292,24,77.8,77.8
2026-10-01T16:00Z,2026-10-03T16:00Z,2161292,48,38.4,38.4
2026-10-01T16:00Z,2026-10-01T17:00Z,2161306,1,46.2,46.2
2026-10-01T16:00Z,2026-10-01T19:00Z,2161306,3,46.3,46.3
2026-10-01T16:00Z,2026-10-01T22:00Z,2161306,6,44.6,44.6
2026-10-01T16:00Z,2026-10-02T04:00Z,2161306,12,34.7,34.7
2026-10-01T16:00Z,2026-10-02T16:00Z,2161306,24,77.8,77.8
2026-10-01T16:00Z,2026-10-03T16:00Z,2161306,48,38.4,38.4
2026-10-01T16:00Z,2026-10-01T17:00Z,7880,1,24,24
2026-10-01T16:00Z,2026-10-01T19:00Z,7880,3,22.1,22.1
2026-10-01T16:00Z,2026-10-01T22:00Z,7880,6,20.9,20.9
2026-10-01T16:00Z,2026-10-02T04:00Z,7880,12,29.2,29.2
2026-10-01T16:00Z,2026-10-02T16:00Z,7880,24,31,31
2026-10-01T16:00Z,2026-10-03T16:00Z,7880,48,24.5,24.5
2026-10-01T16:00Z,2026-10-01T17:00Z,2407,1,15.8,15.8
2026-10-01T16:00Z,2026-10-01T19:00Z,2407,3,15.7,15.7
2026-10-01T16:00Z,2026-10-01T22:00Z,2407,6,19.4,19.4
2026-10-01T16:00Z,2026-10-02T04:00Z,2407,12,16.6,16.6
2026-10-01T16:00Z,2026-10-02T16:00Z,2407,24,36.9,36.9
2026-10-01T16:00Z,2026-10-03T16:00Z,2407,48,20.8,20.8
2026-10-01T16:00Z,2026-10-01T17:00Z,368404,1,21.1,21.1
2026-10-01T16:00Z,2026-10-01T19:00Z,368404,3,19.6,19.6
2026-10-01T16:00Z,2026-10-01T22:00Z,368404,6,18.7,18.7
2026-10-01T16:00Z,2026-10-02T04:00Z,368404,12,23.9,23.9
2026-10-01T16:00Z,2026-10-02T16:00Z,368404,24,34,34
2026-10-01T16:00Z,2026-10-03T16:00Z,368404,48,23.6,23.6
2026-10-01T16:00Z,2026-10-01T17:00Z,225668,1,21.1,21.1
2026-10-01T16:00Z,2026-10-01T19:00Z,225668,3,19.6,19.6
2026-10-01T16:00Z,2026-10-01T22:00Z,225668,6,18.7,18.7
2026-10-01T16:00Z,2026-10-02T04:00Z,225668,12,23.9,23.9
2026-10-01T16:00Z,2026-10-02T16:00Z,225668,24,34,34
2026-10-01T16:00Z,2026-10-03T16:00Z,225668,48,23.6,23.6
2026-10-01T16:00Z,2026-10-01T17:00Z,368408,1,21.1,21.1
2026-10-01T16:00Z,2026-10-01T19:00Z,368408,3,19.6,19.6
2026-10-01T16:00Z,2026-10-01T22:00Z,368408,6,18.7,18.7
2026-10-01T16:00Z,2026-10-02T04:00Z,368408,12,23.9,23.9
2026-10-01T16:00Z,2026-10-02T16:00Z,368408,24,34,34
2026-10-01T16:00Z,2026-10-03T16:00Z,368408,48,23.6,23.6
2026-10-01T16:00Z,2026-10-01T17:00Z,225598,1,8.7,8.7
2026-10-01T16:00Z,2026-10-01T19:00Z,225598,3,10.4,10.4
2026-10-01T16:00Z,2026-10-01T22:00Z,225598,6,14.5,14.5
2026-10-01T16:00Z,2026-10-02T04:00Z,225598,12,12.8,12.8
2026-10-01T16:00Z,2026-10-02T16:00Z,225598,24,25.4,25.4
2026-10-01T16:00Z,2026-10-03T16:00Z,225598,48,14.3,14.3
