run_utc,analysis_utc,version,station_id,monitor,obs24,cams24,map_loo
2026-10-09T20:00Z,2026-10-09T19:00Z,map,a4t:119t,1,19.6,6.4,20.2
2026-10-09T20:00Z,2026-10-09T19:00Z,map,a4t:02t,1,23.5,26.8,24.4
2026-10-09T20:00Z,2026-10-09T19:00Z,map,a4t:52t,1,24.9,27,24.8
2026-10-09T20:00Z,2026-10-09T19:00Z,map,a4t:53t,1,24.3,27,21.9
2026-10-09T20:00Z,2026-10-09T19:00Z,map,a4t:59t,1,16.2,26.8,20.9
2026-10-09T20:00Z,2026-10-09T19:00Z,map,a4t:61t,1,20.3,18.3,20.7
2026-10-09T20:00Z,2026-10-09T19:00Z,map,a4t:o10,1,21,18.3,22.2
2026-10-09T20:00Z,2026-10-09T19:00Z,map,a4t:79t,1,33.2,11.7,18.3
2026-10-09T20:00Z,2026-10-09T19:00Z,map,a4t:107t,1,22.2,15,24.4
2026-10-09T20:00Z,2026-10-09T19:00Z,map,a4t:94t,1,14.3,9.2,12.3
2026-10-09T20:00Z,2026-10-09T19:00Z,map,a4t:46t,1,24.5,16.4,21.6
2026-10-09T20:00Z,2026-10-09T19:00Z,map,a4t:100t,1,16.3,7.6,17.9
2026-10-09T20:00Z,2026-10-09T19:00Z,map,a4t:60t,1,23.1,11.4,18.9
2026-10-09T20:00Z,2026-10-09T19:00Z,map,a4t:33t,1,17.6,12.6,14.4
2026-10-09T20:00Z,2026-10-09T19:00Z,map,a4t:o61,1,14.7,12.8,18.5
2026-10-09T20:00Z,2026-10-09T19:00Z,map,a4t:117t,1,14.6,14.3,15.8
2026-10-09T20:00Z,2026-10-09T19:00Z,map,a4t:108t,1,17.4,13.4,20.1
2026-10-09T20:00Z,2026-10-09T19:00Z,map,a4t:118t,1,14.1,7.9,19.8
2026-10-09T20:00Z,2026-10-09T19:00Z,map,a4t:87t,1,19.1,6.1,15.1
2026-10-09T20:00Z,2026-10-09T19:00Z,map,a4t:105t,1,15.7,8.4,19.5
2026-10-09T20:00Z,2026-10-09T19:00Z,map,a4t:81t,1,22,18.9,22.2
2026-10-09T20:00Z,2026-10-09T19:00Z,map,a4t:88t,1,26.3,20.9,17.5
2026-10-09T20:00Z,2026-10-09T19:00Z,map,a4t:47t,1,26.2,10.7,19.4
2026-10-09T20:00Z,2026-10-09T19:00Z,map,a4t:13t,1,16,26.8,21
2026-10-09T20:00Z,2026-10-09T19:00Z,map,a4t:22t,1,22,27.7,20.6
2026-10-09T20:00Z,2026-10-09T19:00Z,map,a4t:67t,1,20.7,6.1,15.3
2026-10-09T20:00Z,2026-10-09T19:00Z,map,a4t:106t,1,8.3,19.5,20.9
2026-10-09T20:00Z,2026-10-09T19:00Z,map,a4t:101t,1,23.2,6.7,16.8
2026-10-09T20:00Z,2026-10-09T19:00Z,map,a4t:20t,1,24.1,16.4,18.5
2026-10-09T20:00Z,2026-10-09T19:00Z,map,a4t:103t,1,16.8,11,20
2026-10-09T20:00Z,2026-10-09T19:00Z,map,a4t:77t,1,23.7,8.7,16.3
2026-10-09T20:00Z,2026-10-09T19:00Z,map,a4t:121t,1,34.3,16.6,24.8
2026-10-09T20:00Z,2026-10-09T19:00Z,map,a4t:21t,1,21.3,17.1,21.6
2026-10-09T20:00Z,2026-10-09T19:00Z,map,a4t:70t,1,16.7,5.6,16
2026-10-09T20:00Z,2026-10-09T19:00Z,map,a4t:120t,1,22.5,6.5,16.2
2026-10-09T20:00Z,2026-10-09T19:00Z,map,a4t:95t,1,13,14.4,16
2026-10-09T20:00Z,2026-10-09T19:00Z,map,a4t:86t,1,14,13.8,14.5
2026-10-09T20:00Z,2026-10-09T19:00Z,map,a4t:114t,1,24.8,13.5,24.1
2026-10-09T20:00Z,2026-10-09T19:00Z,map,a4t:102t,1,22.9,10.1,18.4
2026-10-09T20:00Z,2026-10-09T19:00Z,map,a4t:109t,1,19.2,7.9,19.8
2026-10-09T20:00Z,2026-10-09T19:00Z,map,a4t:28t,1,12.3,14.4,19.6
2026-10-09T20:00Z,2026-10-09T19:00Z,map,a4t:29t,1,27.1,13.8,19.9
2026-10-09T20:00Z,2026-10-09T19:00Z,map,a4t:30t,1,21.3,13.8,22
2026-10-09T20:00Z,2026-10-09T19:00Z,map,a4t:31t,1,20.3,13.8,21.8
2026-10-09T20:00Z,2026-10-09T19:00Z,map,a4t:113t,1,30,12.3,21.7
2026-10-09T20:00Z,2026-10-09T19:00Z,map,a4t:99t,1,17.6,12.5,16.5
2026-10-09T20:00Z,2026-10-09T19:00Z,map,a4t:40t,1,15.9,6,13.3
2026-10-09T20:00Z,2026-10-09T19:00Z,map,a4t:68t,1,17.1,13.2,14.1
2026-10-09T20:00Z,2026-10-09T19:00Z,map,a4t:112t,1,13.7,5.8,16.9
2026-10-09T20:00Z,2026-10-09T19:00Z,map,a4t:90t,1,16.3,20.3,23.3
2026-10-09T20:00Z,2026-10-09T19:00Z,map,a4t:16t,1,23.8,27,23.7
2026-10-09T20:00Z,2026-10-09T19:00Z,map,a4t:17t,1,21,27,24.3
2026-10-09T20:00Z,2026-10-09T19:00Z,map,a4t:19t,1,21.5,18.9,22.7
2026-10-09T20:00Z,2026-10-09T19:00Z,map,a4t:84t,1,20.7,20.2,27
2026-10-09T20:00Z,2026-10-09T19:00Z,map,a4t:14t,1,23.1,27,26.6
2026-10-09T20:00Z,2026-10-09T19:00Z,map,a4t:27t,1,41.2,27,24.8
2026-10-09T20:00Z,2026-10-09T19:00Z,map,a4t:25t,1,21.5,14.9,19
2026-10-09T20:00Z,2026-10-09T19:00Z,map,a4t:104t,1,14,14.5,16.8
2026-10-09T20:00Z,2026-10-09T19:00Z,map,a4t:85t,1,16,15.4,21
2026-10-09T20:00Z,2026-10-09T19:00Z,map,a4t:111t,1,15.1,6,19.6
2026-10-09T20:00Z,2026-10-09T19:00Z,map,a4t:96t,1,13.3,17.1,16.2
2026-10-09T20:00Z,2026-10-09T19:00Z,map,a4t:82t,1,20.1,19,15.8
2026-10-09T20:00Z,2026-10-09T19:00Z,map,a4t:115t,1,15.8,16.3,16
2026-10-09T20:00Z,2026-10-09T19:00Z,map,a4t:110t,1,18.3,6.7,17.4
2026-10-09T20:00Z,2026-10-09T19:00Z,map,a4t:91t,1,17,18.3,19.3
2026-10-09T20:00Z,2026-10-09T19:00Z,map,a4t:92t,1,15,8.5,13.8
2026-10-09T20:00Z,2026-10-09T19:00Z,map,a4t:98t,1,15.5,14.3,15.4
2026-10-09T20:00Z,2026-10-09T19:00Z,map,a4t:83t,1,13.8,5.2,16.2
2026-10-09T20:00Z,2026-10-09T19:00Z,map,a4t:116t,1,20.3,14.4,17
2026-10-09T20:00Z,2026-10-09T19:00Z,map,a4t:73t,1,21.3,9.6,15.4
2026-10-09T20:00Z,2026-10-09T19:00Z,map,a4t:35t,1,17.5,19.5,13.4
2026-10-09T20:00Z,2026-10-09T19:00Z,map,a4t:36t,1,11.8,19.6,18.2
2026-10-09T20:00Z,2026-10-09T19:00Z,map,a4t:97t,1,14.5,11.4,14.2
2026-10-09T20:00Z,2026-10-09T19:00Z,map,a4t:69t,1,15.5,8,16.9
2026-10-09T20:00Z,2026-10-09T19:00Z,map,a4t:58t,1,10.9,5.5,14.1
2026-10-09T20:00Z,2026-10-09T19:00Z,map,a4t:50t,1,26.5,27,23
2026-10-09T20:00Z,2026-10-09T19:00Z,map,a4t:71t,1,13.1,6.8,19.2
2026-10-09T20:00Z,2026-10-09T19:00Z,map,a4t:bkp100t,1,26.1,17.7,21.7
2026-10-09T20:00Z,2026-10-09T19:00Z,map,a4t:bkp101t,1,25.2,16.1,21.5
2026-10-09T20:00Z,2026-10-09T19:00Z,map,a4t:bkp102t,1,22.9,27.2,24.6
2026-10-09T20:00Z,2026-10-09T19:00Z,map,a4t:bkp103t,1,24.5,27.2,20.5
2026-10-09T20:00Z,2026-10-09T19:00Z,map,a4t:bkp56t,1,24.7,27.2,20.6
2026-10-09T20:00Z,2026-10-09T19:00Z,map,a4t:bkp57t,1,26.1,18.3,21
2026-10-09T20:00Z,2026-10-09T19:00Z,map,a4t:bkp58t,1,30.4,27.2,23.5
2026-10-09T20:00Z,2026-10-09T19:00Z,map,a4t:bkp59t,1,28,27.2,21.9
2026-10-09T20:00Z,2026-10-09T19:00Z,map,a4t:bkp60t,1,18.1,27.2,22.2
2026-10-09T20:00Z,2026-10-09T19:00Z,map,a4t:bkp62t,1,26,27.2,24.4
2026-10-09T20:00Z,2026-10-09T19:00Z,map,a4t:bkp63t,1,20,27.2,20.6
2026-10-09T20:00Z,2026-10-09T19:00Z,map,a4t:bkp64t,1,24.1,17.7,20.4
2026-10-09T20:00Z,2026-10-09T19:00Z,map,a4t:bkp65t,1,33.4,27.2,23.3
2026-10-09T20:00Z,2026-10-09T19:00Z,map,a4t:bkp66t,1,24.1,27.2,24.4
2026-10-09T20:00Z,2026-10-09T19:00Z,map,a4t:bkp67t,1,27.4,27.2,24.4
2026-10-09T20:00Z,2026-10-09T19:00Z,map,a4t:bkp69t,1,30.7,27.2,22.5
2026-10-09T20:00Z,2026-10-09T19:00Z,map,a4t:bkp70t,1,16.4,27.2,23.9
2026-10-09T20:00Z,2026-10-09T19:00Z,map,a4t:bkp71t,1,19.2,17.7,21.3
2026-10-09T20:00Z,2026-10-09T19:00Z,map,a4t:bkp72t,1,21,17.7,21.4
2026-10-09T20:00Z,2026-10-09T19:00Z,map,a4t:bkp74t,1,16.9,28.6,23.2
2026-10-09T20:00Z,2026-10-09T19:00Z,map,a4t:bkp77t,1,20.8,16.1,22.7
2026-10-09T20:00Z,2026-10-09T19:00Z,map,a4t:bkp78t,1,22.1,17.7,20.6
2026-10-09T20:00Z,2026-10-09T19:00Z,map,a4t:bkp79t,1,31.3,16.1,20.6
2026-10-09T20:00Z,2026-10-09T19:00Z,map,a4t:bkp80t,1,19.3,16.1,18.1
2026-10-09T20:00Z,2026-10-09T19:00Z,map,a4t:bkp81t,1,28.2,17.7,19.9
2026-10-09T20:00Z,2026-10-09T19:00Z,map,a4t:bkp82t,1,24.8,27.2,24.4
2026-10-09T20:00Z,2026-10-09T19:00Z,map,a4t:bkp83t,1,21.8,27.2,25.4
2026-10-09T20:00Z,2026-10-09T19:00Z,map,a4t:bkp84t,1,25.3,27.2,24.3
2026-10-09T20:00Z,2026-10-09T19:00Z,map,a4t:bkp85t,1,20.7,27.2,23.5
2026-10-09T20:00Z,2026-10-09T19:00Z,map,a4t:bkp86t,1,24,27.2,22.5
2026-10-09T20:00Z,2026-10-09T19:00Z,map,a4t:bkp87t,1,23.7,27.2,22.8
2026-10-09T20:00Z,2026-10-09T19:00Z,map,a4t:bkp88t,1,26.2,27.2,24.1
2026-10-09T20:00Z,2026-10-09T19:00Z,map,a4t:bkp89t,1,30.7,27.2,22.8
2026-10-09T20:00Z,2026-10-09T19:00Z,map,a4t:bkp90t,1,27.7,27.2,26.1
2026-10-09T20:00Z,2026-10-09T19:00Z,map,a4t:bkp91t,1,20.9,27.2,23.8
2026-10-09T20:00Z,2026-10-09T19:00Z,map,a4t:bkp92t,1,20.2,27.2,23
2026-10-09T20:00Z,2026-10-09T19:00Z,map,a4t:bkp93t,1,20.5,27.2,21
2026-10-09T20:00Z,2026-10-09T19:00Z,map,a4t:bkp95t,1,23,28.6,19.8
2026-10-09T20:00Z,2026-10-09T19:00Z,map,a4t:bkp98t,1,25.8,28.6,21.4
2026-10-09T20:00Z,2026-10-09T19:00Z,map,a4t:bkp99t,1,18.9,17.7,22.6
2026-10-09T20:00Z,2026-10-09T19:00Z,map,4946812,1,56.2,67.9,29.5
2026-10-09T20:00Z,2026-10-09T19:00Z,map,4946813,1,63.4,62.3,28.2
2026-10-09T20:00Z,2026-10-09T19:00Z,map,a4t:bkp104t,1,21,27.2,24.4
2026-10-09T20:00Z,2026-10-09T19:00Z,map,a4t:bkp105t,1,29.9,27.2,23.1
2026-10-09T20:00Z,2026-10-09T19:00Z,map,a4t:bkp114t,1,16.7,27,23.6
2026-10-09T20:00Z,2026-10-09T19:00Z,map,a4t:bkp115t,1,17.6,27.7,20.5
2026-10-09T20:00Z,2026-10-09T19:00Z,map,a4t:bkp116t,1,17.3,27.7,20.4
2026-10-09T20:00Z,2026-10-09T19:00Z,map,a4t:bkp117t,1,15.8,18.3,23.3
2026-10-09T20:00Z,2026-10-09T19:00Z,map,a4t:bkp118t,1,20.5,18.3,23.3
2026-10-09T20:00Z,2026-10-09T19:00Z,map,a4t:bkp119t,1,19.5,27,21.9
2026-10-09T20:00Z,2026-10-09T19:00Z,map,a4t:bkp120t,1,22.9,27.7,21.1
2026-10-09T20:00Z,2026-10-09T19:00Z,map,a4t:bkp121t,1,20.3,27,24.3
2026-10-09T20:00Z,2026-10-09T19:00Z,map,a4t:bkp122t,1,17.5,27,22.6
2026-10-09T20:00Z,2026-10-09T19:00Z,map,a4t:bkp123t,1,16.4,27.7,20.5
2026-10-09T20:00Z,2026-10-09T19:00Z,map,a4t:bkp124t,1,23.7,27,22.8
2026-10-09T20:00Z,2026-10-09T19:00Z,map,a4t:bkp125t,1,22.8,18.3,22.5
2026-10-09T20:00Z,2026-10-09T19:00Z,map,a4t:bkp126t,1,20.6,27,25
2026-10-09T20:00Z,2026-10-09T19:00Z,map,a4t:bkp127t,1,19.8,27,24.3
2026-10-09T20:00Z,2026-10-09T19:00Z,map,a4t:bkp129t,1,15.1,16.3,20.7
2026-10-09T20:00Z,2026-10-09T19:00Z,map,a4t:bkp130t,1,15.7,16.3,20.3
2026-10-09T20:00Z,2026-10-09T19:00Z,map,a4t:bkp131t,1,21.9,27,25
2026-10-09T20:00Z,2026-10-09T19:00Z,map,a4t:bkp133t,1,19.4,27,22.8
2026-10-09T20:00Z,2026-10-09T19:00Z,map,a4t:bkp61t,1,31.7,27.2,22.4
2026-10-09T20:00Z,2026-10-09T19:00Z,map,a4t:bkp73t,1,28.6,27.7,20.4
2026-10-09T20:00Z,2026-10-09T19:00Z,map,a4t:bkp75t,1,19.9,16.1,20.5
2026-10-09T20:00Z,2026-10-09T19:00Z,map,a4t:bkp94t,1,27.1,27.2,22.7
2026-10-09T20:00Z,2026-10-09T19:00Z,map,a4t:bkp96t,1,20.9,16.3,20.8
2026-10-09T20:00Z,2026-10-09T19:00Z,map,a4t:bkp97t,1,23.8,28.6,21.3
