time_utc,station_id,obs_pm25,cams_raw,cams_plus_inc
2026-10-05T08:50:00.000Z,4946812,8.6,21.3,21.3
2026-10-05T08:50:00.000Z,4946813,16.6,20,20
2026-10-05T09:00:00.000Z,a4t:bkp100t,31.6,14.8,14.8
2026-10-05T09:00:00.000Z,a4t:bkp101t,23.2,19,19
2026-10-05T09:00:00.000Z,a4t:bkp102t,14,16.2,16.2
2026-10-05T09:00:00.000Z,a4t:bkp103t,22.6,16.2,16.2
2026-10-05T09:00:00.000Z,a4t:bkp104t,12.9,16.2,16.2
2026-10-05T09:00:00.000Z,a4t:bkp56t,19,16.2,16.2
2026-10-05T09:00:00.000Z,a4t:bkp57t,17.6,14.8,14.8
2026-10-05T09:00:00.000Z,a4t:bkp58t,21.6,16.2,16.2
2026-10-05T09:00:00.000Z,a4t:bkp59t,24.4,16.2,16.2
2026-10-05T09:00:00.000Z,a4t:bkp60t,17.6,16.2,16.2
2026-10-05T09:00:00.000Z,a4t:bkp61t,23.2,16.2,16.2
2026-10-05T09:00:00.000Z,a4t:bkp62t,21.7,16.2,16.2
2026-10-05T09:00:00.000Z,a4t:bkp63t,19.7,16.2,16.2
2026-10-05T09:00:00.000Z,a4t:bkp64t,26.9,14.8,14.8
2026-10-05T09:00:00.000Z,a4t:bkp66t,19.1,16.2,16.2
2026-10-05T09:00:00.000Z,a4t:bkp67t,23.2,16.2,16.2
2026-10-05T09:00:00.000Z,a4t:bkp69t,30.9,16.2,16.2
2026-10-05T09:00:00.000Z,a4t:bkp70t,16.9,16.2,16.2
2026-10-05T09:00:00.000Z,a4t:bkp71t,18.7,14.8,14.8
2026-10-05T09:00:00.000Z,a4t:bkp72t,18.8,14.8,14.8
2026-10-05T09:00:00.000Z,a4t:bkp74t,20.6,31.4,31.4
2026-10-05T09:00:00.000Z,a4t:bkp77t,17.5,19,19
2026-10-05T09:00:00.000Z,a4t:bkp78t,22.2,14.8,14.8
2026-10-05T09:00:00.000Z,a4t:bkp79t,20,19,19
2026-10-05T09:00:00.000Z,a4t:bkp80t,22.8,19,19
2026-10-05T09:00:00.000Z,a4t:bkp81t,28,14.8,14.8
2026-10-05T09:00:00.000Z,a4t:bkp82t,16.3,16.2,16.2
2026-10-05T09:00:00.000Z,a4t:bkp83t,13.9,16.2,16.2
2026-10-05T09:00:00.000Z,a4t:bkp84t,24.3,16.2,16.2
2026-10-05T09:00:00.000Z,a4t:bkp85t,20.8,16.2,16.2
2026-10-05T09:00:00.000Z,a4t:bkp86t,16.4,16.2,16.2
2026-10-05T09:00:00.000Z,a4t:bkp87t,19.7,16.2,16.2
2026-10-05T09:00:00.000Z,a4t:bkp88t,18.9,16.2,16.2
2026-10-05T09:00:00.000Z,a4t:bkp89t,16.8,16.2,16.2
2026-10-05T09:00:00.000Z,a4t:bkp90t,21.1,16.2,16.2
2026-10-05T09:00:00.000Z,a4t:bkp91t,14.8,16.2,16.2
2026-10-05T09:00:00.000Z,a4t:bkp92t,21.8,16.2,16.2
2026-10-05T09:00:00.000Z,a4t:bkp93t,18.2,16.2,16.2
2026-10-05T09:00:00.000Z,a4t:bkp95t,18.7,31.4,31.4
2026-10-05T09:00:00.000Z,a4t:bkp98t,24.8,31.4,31.4
2026-10-05T09:00:00.000Z,a4t:bkp99t,18.2,14.8,14.8
