issued_utc,valid_utc,station_id,lead_h,elev_m,t2_ecmwf,t2_terrain,t2_down,pr_ecmwf,pr_fine,t2_ml,pr_ml
2026-10-08T21:00Z,2026-10-08T22:00Z,a4t:88t,1,148,21.85,23.21,23.21,0,0,23.21,0
2026-10-08T21:00Z,2026-10-09T00:00Z,a4t:88t,3,148,22.3,23.65,25.59,0,0,25.59,0
2026-10-08T21:00Z,2026-10-09T03:00Z,a4t:88t,6,148,26.78,28.14,30.08,0,0,30.08,0
2026-10-08T21:00Z,2026-10-09T09:00Z,a4t:88t,12,148,27.48,28.84,30.78,0,0,30.78,0
2026-10-08T21:00Z,2026-10-09T21:00Z,a4t:88t,24,148,22.16,23.52,23.52,0.25,0.26,23.52,0.26
2026-10-08T21:00Z,2026-10-10T21:00Z,a4t:88t,48,148,22.49,23.85,23.85,0,0,23.85,0
2026-10-08T21:00Z,2026-10-08T22:00Z,a4t:86t,1,49,24.48,24.52,24.52,0,0,24.52,0
2026-10-08T21:00Z,2026-10-09T00:00Z,a4t:86t,3,49,24.7,24.74,20.77,0,0,20.77,0
2026-10-08T21:00Z,2026-10-09T03:00Z,a4t:86t,6,49,29.76,29.8,25.83,0,0,25.83,0
2026-10-08T21:00Z,2026-10-09T09:00Z,a4t:86t,12,49,31.94,31.98,28.01,0.07,0.07,28.01,0.07
2026-10-08T21:00Z,2026-10-09T21:00Z,a4t:86t,24,49,25.1,25.14,25.14,0,0,25.14,0
2026-10-08T21:00Z,2026-10-10T21:00Z,a4t:86t,48,49,24.84,24.87,24.87,1.04,1.04,24.87,1.04
2026-10-08T21:00Z,2026-10-08T22:00Z,a4t:119t,1,8,25.25,25.22,25.22,0.1,0.1,25.22,0.1
2026-10-08T21:00Z,2026-10-09T00:00Z,a4t:119t,3,8,25.63,25.6,26.49,0.01,0.01,26.49,0.01
2026-10-08T21:00Z,2026-10-09T03:00Z,a4t:119t,6,8,29.42,29.39,30.28,0.18,0.18,30.28,0.18
2026-10-08T21:00Z,2026-10-09T09:00Z,a4t:119t,12,8,27.05,27.02,27.91,1.77,1.77,27.91,1.77
2026-10-08T21:00Z,2026-10-09T21:00Z,a4t:119t,24,8,24.17,24.14,24.14,0.01,0.01,24.14,0.01
2026-10-08T21:00Z,2026-10-10T21:00Z,a4t:119t,48,8,24.24,24.21,24.21,0.02,0.02,24.21,0.02
2026-10-08T21:00Z,2026-10-08T22:00Z,a4t:02t,1,9,25.38,25.4,25.4,0,0,25.4,0
2026-10-08T21:00Z,2026-10-09T00:00Z,a4t:02t,3,9,25.52,25.55,26.28,0,0,26.28,0
2026-10-08T21:00Z,2026-10-09T03:00Z,a4t:02t,6,9,29.87,29.89,30.63,0,0,30.63,0
2026-10-08T21:00Z,2026-10-09T09:00Z,a4t:02t,12,9,31.54,31.56,32.3,0.18,0.18,32.3,0.18
2026-10-08T21:00Z,2026-10-09T21:00Z,a4t:02t,24,9,25.75,25.77,25.77,0.04,0.04,25.77,0.04
2026-10-08T21:00Z,2026-10-10T21:00Z,a4t:02t,48,9,24.19,24.22,24.22,1.43,1.43,24.22,1.43
2026-10-08T21:00Z,2026-10-08T22:00Z,a4t:50t,1,11,25.38,25.39,25.39,0,0,25.39,0
2026-10-08T21:00Z,2026-10-09T00:00Z,a4t:50t,3,11,25.52,25.53,26.44,0,0,26.44,0
2026-10-08T21:00Z,2026-10-09T03:00Z,a4t:50t,6,11,29.88,29.89,30.8,0,0,30.8,0
2026-10-08T21:00Z,2026-10-09T09:00Z,a4t:50t,12,11,31.49,31.5,32.41,0.19,0.19,32.41,0.19
2026-10-08T21:00Z,2026-10-09T21:00Z,a4t:50t,24,11,25.76,25.77,25.77,0.03,0.03,25.77,0.03
2026-10-08T21:00Z,2026-10-10T21:00Z,a4t:50t,48,11,24.19,24.2,24.2,1.3,1.3,24.2,1.3
2026-10-08T21:00Z,2026-10-08T22:00Z,a4t:52t,1,8,25.38,25.4,25.4,0,0,25.4,0
2026-10-08T21:00Z,2026-10-09T00:00Z,a4t:52t,3,8,25.52,25.55,26.3,0,0,26.3,0
2026-10-08T21:00Z,2026-10-09T03:00Z,a4t:52t,6,8,29.87,29.89,30.65,0,0,30.65,0
2026-10-08T21:00Z,2026-10-09T09:00Z,a4t:52t,12,8,31.53,31.56,32.31,0.18,0.18,32.31,0.18
2026-10-08T21:00Z,2026-10-09T21:00Z,a4t:52t,24,8,25.75,25.78,25.78,0.04,0.04,25.78,0.04
2026-10-08T21:00Z,2026-10-10T21:00Z,a4t:52t,48,8,24.19,24.22,24.22,1.44,1.44,24.22,1.44
2026-10-08T21:00Z,2026-10-08T22:00Z,a4t:53t,1,7,25.4,25.43,25.43,0,0,25.43,0
2026-10-08T21:00Z,2026-10-09T00:00Z,a4t:53t,3,7,25.52,25.54,26.82,0,0,26.82,0
2026-10-08T21:00Z,2026-10-09T03:00Z,a4t:53t,6,7,29.91,29.93,31.2,0,0,31.2,0
2026-10-08T21:00Z,2026-10-09T09:00Z,a4t:53t,12,7,31.5,31.52,32.8,0.21,0.21,32.8,0.21
2026-10-08T21:00Z,2026-10-09T21:00Z,a4t:53t,24,7,25.8,25.82,25.82,0.03,0.03,25.82,0.03
2026-10-08T21:00Z,2026-10-10T21:00Z,a4t:53t,48,7,24.24,24.26,24.26,1.11,1.11,24.26,1.11
2026-10-08T21:00Z,2026-10-08T22:00Z,a4t:59t,1,8,25.4,25.42,25.42,0,0,25.42,0
2026-10-08T21:00Z,2026-10-09T00:00Z,a4t:59t,3,8,25.52,25.54,26.41,0,0,26.41,0
2026-10-08T21:00Z,2026-10-09T03:00Z,a4t:59t,6,8,29.89,29.91,30.77,0,0,30.77,0
2026-10-08T21:00Z,2026-10-09T09:00Z,a4t:59t,12,8,31.54,31.56,32.42,0.2,0.2,32.42,0.2
2026-10-08T21:00Z,2026-10-09T21:00Z,a4t:59t,24,8,25.78,25.81,25.81,0.04,0.04,25.81,0.04
2026-10-08T21:00Z,2026-10-10T21:00Z,a4t:59t,48,8,24.23,24.25,24.25,1.25,1.25,24.25,1.25
2026-10-08T21:00Z,2026-10-08T22:00Z,a4t:61t,1,6,25.4,25.43,25.43,0,0,25.43,0
2026-10-08T21:00Z,2026-10-09T00:00Z,a4t:61t,3,6,25.51,25.55,26.78,0,0,26.78,0
2026-10-08T21:00Z,2026-10-09T03:00Z,a4t:61t,6,6,29.91,29.95,31.17,0,0,31.17,0
2026-10-08T21:00Z,2026-10-09T09:00Z,a4t:61t,12,6,31.45,31.49,32.72,0.21,0.21,32.72,0.21
2026-10-08T21:00Z,2026-10-09T21:00Z,a4t:61t,24,6,25.79,25.83,25.83,0.03,0.03,25.83,0.03
2026-10-08T21:00Z,2026-10-10T21:00Z,a4t:61t,48,6,24.21,24.25,24.25,1.06,1.06,24.25,1.06
2026-10-08T21:00Z,2026-10-08T22:00Z,a4t:o10,1,6,25.4,25.44,25.44,0,0,25.44,0
2026-10-08T21:00Z,2026-10-09T00:00Z,a4t:o10,3,6,25.51,25.55,26.7,0,0,26.7,0
2026-10-08T21:00Z,2026-10-09T03:00Z,a4t:o10,6,6,29.92,29.95,31.11,0,0,31.11,0
2026-10-08T21:00Z,2026-10-09T09:00Z,a4t:o10,12,6,31.43,31.47,32.62,0.22,0.22,32.62,0.22
2026-10-08T21:00Z,2026-10-09T21:00Z,a4t:o10,24,6,25.8,25.84,25.84,0.03,0.03,25.84,0.03
2026-10-08T21:00Z,2026-10-10T21:00Z,a4t:o10,48,6,24.22,24.26,24.26,0.97,0.97,24.26,0.97
2026-10-08T21:00Z,2026-10-08T22:00Z,a4t:107t,1,146,23.44,23.81,23.81,0,0,23.81,0
2026-10-08T21:00Z,2026-10-09T00:00Z,a4t:107t,3,146,23.55,23.92,24.69,0,0,24.69,0
2026-10-08T21:00Z,2026-10-09T03:00Z,a4t:107t,6,146,27.76,28.13,28.9,0,0,28.9,0
2026-10-08T21:00Z,2026-10-09T09:00Z,a4t:107t,12,146,30.15,30.52,31.29,0,0,31.29,0
2026-10-08T21:00Z,2026-10-09T21:00Z,a4t:107t,24,146,24.12,24.48,24.48,0,0,24.48,0
2026-10-08T21:00Z,2026-10-10T21:00Z,a4t:107t,48,146,23.48,23.85,23.85,0,0,23.85,0
2026-10-08T21:00Z,2026-10-08T22:00Z,a4t:94t,1,82,24.8,24.79,24.79,0.01,0.01,24.79,0.01
2026-10-08T21:00Z,2026-10-09T00:00Z,a4t:94t,3,82,25.21,25.2,21.41,0.09,0.09,21.41,0.09
2026-10-08T21:00Z,2026-10-09T03:00Z,a4t:94t,6,82,28.55,28.54,24.75,0.02,0.02,24.75,0.02
2026-10-08T21:00Z,2026-10-09T09:00Z,a4t:94t,12,82,31.19,31.19,27.4,0,0,27.4,0
2026-10-08T21:00Z,2026-10-09T21:00Z,a4t:94t,24,82,25.33,25.32,25.32,0,0,25.32,0
2026-10-08T21:00Z,2026-10-10T21:00Z,a4t:94t,48,82,23.68,23.67,23.67,3.13,3.13,23.67,3.13
2026-10-08T21:00Z,2026-10-08T22:00Z,a4t:46t,1,165,23.16,23.68,23.68,0,0,23.68,0
2026-10-08T21:00Z,2026-10-09T00:00Z,a4t:46t,3,165,23.25,23.77,24.54,0,0,24.54,0
2026-10-08T21:00Z,2026-10-09T03:00Z,a4t:46t,6,165,27.49,28,28.77,0,0,28.77,0
2026-10-08T21:00Z,2026-10-09T09:00Z,a4t:46t,12,165,30.17,30.68,31.45,0,0,31.45,0
2026-10-08T21:00Z,2026-10-09T21:00Z,a4t:46t,24,165,24.24,24.75,24.75,0,0,24.75,0
2026-10-08T21:00Z,2026-10-10T21:00Z,a4t:46t,48,165,23.35,23.86,23.86,0,0,23.86,0
2026-10-08T21:00Z,2026-10-08T22:00Z,a4t:100t,1,8,25.71,26.06,26.06,0,0,26.06,0
2026-10-08T21:00Z,2026-10-09T00:00Z,a4t:100t,3,8,25.85,26.2,28.52,0,0,28.52,0
2026-10-08T21:00Z,2026-10-09T03:00Z,a4t:100t,6,8,28.42,28.77,31.09,0.02,0.02,31.09,0.02
2026-10-08T21:00Z,2026-10-09T09:00Z,a4t:100t,12,8,28.48,28.83,31.15,0.93,0.93,31.15,0.93
2026-10-08T21:00Z,2026-10-09T21:00Z,a4t:100t,24,8,25.49,25.84,25.84,0.03,0.03,25.84,0.03
2026-10-08T21:00Z,2026-10-10T21:00Z,a4t:100t,48,8,24.68,25.03,25.03,0.23,0.23,25.03,0.23
2026-10-08T21:00Z,2026-10-08T22:00Z,a4t:60t,1,17,24.88,24.98,24.98,0,0,24.98,0
2026-10-08T21:00Z,2026-10-09T00:00Z,a4t:60t,3,17,25.11,25.21,25.48,0,0,25.48,0
2026-10-08T21:00Z,2026-10-09T03:00Z,a4t:60t,6,17,29.72,29.82,30.09,0,0,30.09,0
2026-10-08T21:00Z,2026-10-09T09:00Z,a4t:60t,12,17,30.83,30.93,31.2,0.27,0.27,31.2,0.27
2026-10-08T21:00Z,2026-10-09T21:00Z,a4t:60t,24,17,25.53,25.63,25.63,0,0,25.63,0
2026-10-08T21:00Z,2026-10-10T21:00Z,a4t:60t,48,17,23.97,24.07,24.07,0.06,0.06,24.07,0.06
2026-10-08T21:00Z,2026-10-08T22:00Z,a4t:33t,1,115,25.37,24.98,24.98,0,0,24.98,0
2026-10-08T21:00Z,2026-10-09T00:00Z,a4t:33t,3,115,25.54,25.14,25.98,0,0,25.98,0
2026-10-08T21:00Z,2026-10-09T03:00Z,a4t:33t,6,115,29.85,29.45,30.3,0,0,30.3,0
2026-10-08T21:00Z,2026-10-09T09:00Z,a4t:33t,12,115,30.52,30.13,30.97,0.3,0.3,30.97,0.3
2026-10-08T21:00Z,2026-10-09T21:00Z,a4t:33t,24,115,25.58,25.18,25.18,0,0,25.18,0
2026-10-08T21:00Z,2026-10-10T21:00Z,a4t:33t,48,115,23.56,23.17,23.17,0.09,0.09,23.17,0.09
2026-10-08T21:00Z,2026-10-08T22:00Z,a4t:34t,1,8,25.47,25.65,25.65,0,0,25.65,0
2026-10-08T21:00Z,2026-10-09T00:00Z,a4t:34t,3,8,25.59,25.77,26.44,0,0,26.44,0
2026-10-08T21:00Z,2026-10-09T03:00Z,a4t:34t,6,8,29.99,30.18,30.84,0,0,30.84,0
2026-10-08T21:00Z,2026-10-09T09:00Z,a4t:34t,12,8,30.86,31.04,31.71,0.29,0.29,31.71,0.29
2026-10-08T21:00Z,2026-10-09T21:00Z,a4t:34t,24,8,25.76,25.95,25.95,0,0,25.95,0
2026-10-08T21:00Z,2026-10-10T21:00Z,a4t:34t,48,8,23.82,24.01,24.01,0.13,0.13,24.01,0.13
2026-10-08T21:00Z,2026-10-08T22:00Z,a4t:o61,1,34,25.46,25.53,25.53,0,0,25.53,0
2026-10-08T21:00Z,2026-10-09T00:00Z,a4t:o61,3,34,25.63,25.71,26.5,0,0,26.5,0
2026-10-08T21:00Z,2026-10-09T03:00Z,a4t:o61,6,34,29.96,30.04,30.83,0,0,30.83,0
2026-10-08T21:00Z,2026-10-09T09:00Z,a4t:o61,12,34,30.75,30.82,31.62,0.28,0.27,31.62,0.27
2026-10-08T21:00Z,2026-10-09T21:00Z,a4t:o61,24,34,25.68,25.76,25.76,0,0,25.76,0
2026-10-08T21:00Z,2026-10-10T21:00Z,a4t:o61,48,34,23.63,23.7,23.7,0.38,0.37,23.7,0.37
2026-10-08T21:00Z,2026-10-08T22:00Z,a4t:117t,1,20,25.29,25.28,25.28,0.03,0.03,25.28,0.03
2026-10-08T21:00Z,2026-10-09T00:00Z,a4t:117t,3,20,25.45,25.44,26.78,0,0,26.78,0
2026-10-08T21:00Z,2026-10-09T03:00Z,a4t:117t,6,20,29.69,29.67,31.02,0,0,31.02,0
2026-10-08T21:00Z,2026-10-09T09:00Z,a4t:117t,12,20,31.66,31.65,32.99,0,0,32.99,0
2026-10-08T21:00Z,2026-10-09T21:00Z,a4t:117t,24,20,26,25.98,25.98,0.03,0.03,25.98,0.03
2026-10-08T21:00Z,2026-10-10T21:00Z,a4t:117t,48,20,24.49,24.47,24.47,0.09,0.09,24.47,0.09
2026-10-08T21:00Z,2026-10-08T22:00Z,a4t:108t,1,185,22.92,23.5,23.5,0,0,23.5,0
2026-10-08T21:00Z,2026-10-09T00:00Z,a4t:108t,3,185,23.33,23.9,25.26,0,0,25.26,0
2026-10-08T21:00Z,2026-10-09T03:00Z,a4t:108t,6,185,27.71,28.28,29.63,0,0,29.63,0
2026-10-08T21:00Z,2026-10-09T09:00Z,a4t:108t,12,185,30.05,30.63,31.98,0,0,31.98,0
2026-10-08T21:00Z,2026-10-09T21:00Z,a4t:108t,24,185,24.46,25.04,25.04,0.21,0.21,25.04,0.21
2026-10-08T21:00Z,2026-10-10T21:00Z,a4t:108t,48,185,23.46,24.03,24.03,0,0,24.03,0
2026-10-08T21:00Z,2026-10-08T22:00Z,a4t:118t,1,10,25,25.67,25.67,0,0,25.67,0
2026-10-08T21:00Z,2026-10-09T00:00Z,a4t:118t,3,10,24.97,25.65,28.07,0.02,0.02,28.07,0.02
2026-10-08T21:00Z,2026-10-09T03:00Z,a4t:118t,6,10,28.25,28.93,31.35,0.17,0.16,31.35,0.16
2026-10-08T21:00Z,2026-10-09T09:00Z,a4t:118t,12,10,27.6,28.27,30.69,0.75,0.72,30.69,0.72
2026-10-08T21:00Z,2026-10-09T21:00Z,a4t:118t,24,10,23.98,24.66,24.66,0.03,0.03,24.66,0.03
2026-10-08T21:00Z,2026-10-10T21:00Z,a4t:118t,48,10,23.7,24.37,24.37,0,0,24.37,0
2026-10-08T21:00Z,2026-10-08T22:00Z,a4t:93t,1,13,25.21,25.42,25.42,0,0,25.42,0
2026-10-08T21:00Z,2026-10-09T00:00Z,a4t:93t,3,13,25.51,25.72,26.78,0.28,0.28,26.78,0.28
2026-10-08T21:00Z,2026-10-09T03:00Z,a4t:93t,6,13,28.99,29.2,30.26,0.11,0.11,30.26,0.11
2026-10-08T21:00Z,2026-10-09T09:00Z,a4t:93t,12,13,26.92,27.13,28.19,1.2,1.18,28.19,1.18
2026-10-08T21:00Z,2026-10-09T21:00Z,a4t:93t,24,13,24.44,24.65,24.65,0.04,0.03,24.65,0.03
2026-10-08T21:00Z,2026-10-10T21:00Z,a4t:93t,48,13,24.05,24.26,24.26,0.02,0.02,24.26,0.02
2026-10-08T21:00Z,2026-10-08T22:00Z,a4t:87t,1,4,25.16,26.25,26.25,0,0,26.25,0
2026-10-08T21:00Z,2026-10-09T00:00Z,a4t:87t,3,4,25.22,26.31,28.63,0.04,0.04,28.63,0.04
2026-10-08T21:00Z,2026-10-09T03:00Z,a4t:87t,6,4,27.09,28.18,30.5,0.08,0.08,30.5,0.08
2026-10-08T21:00Z,2026-10-09T09:00Z,a4t:87t,12,4,27.01,28.1,30.42,2.1,2.1,30.42,2.1
2026-10-08T21:00Z,2026-10-09T21:00Z,a4t:87t,24,4,24.69,25.79,25.79,0.06,0.06,25.79,0.06
2026-10-08T21:00Z,2026-10-10T21:00Z,a4t:87t,48,4,23.92,25.01,25.01,0.39,0.39,25.01,0.39
2026-10-08T21:00Z,2026-10-08T22:00Z,a4t:105t,1,9,24.94,25.03,25.03,0,0,25.03,0
2026-10-08T21:00Z,2026-10-09T00:00Z,a4t:105t,3,9,25.07,25.16,23,0,0,23,0
2026-10-08T21:00Z,2026-10-09T03:00Z,a4t:105t,6,9,29.56,29.66,27.5,0,0,27.5,0
2026-10-08T21:00Z,2026-10-09T09:00Z,a4t:105t,12,9,31.14,31.23,29.07,0.22,0.22,29.07,0.22
2026-10-08T21:00Z,2026-10-09T21:00Z,a4t:105t,24,9,25.85,25.94,25.94,0,0,25.94,0
2026-10-08T21:00Z,2026-10-10T21:00Z,a4t:105t,48,9,24.36,24.46,24.46,0.04,0.04,24.46,0.04
2026-10-08T21:00Z,2026-10-08T22:00Z,a4t:47t,1,184,23.26,23.24,23.24,0,0,23.24,0
2026-10-08T21:00Z,2026-10-09T00:00Z,a4t:47t,3,184,23.56,23.54,24.27,0,0,24.27,0
2026-10-08T21:00Z,2026-10-09T03:00Z,a4t:47t,6,184,27.7,27.67,28.4,0,0,28.4,0
2026-10-08T21:00Z,2026-10-09T09:00Z,a4t:47t,12,184,29.91,29.89,30.62,0.02,0.02,30.62,0.02
2026-10-08T21:00Z,2026-10-09T21:00Z,a4t:47t,24,184,24.64,24.61,24.61,0,0,24.61,0
2026-10-08T21:00Z,2026-10-10T21:00Z,a4t:47t,48,184,23.25,23.22,23.22,0.12,0.12,23.22,0.12
2026-10-08T21:00Z,2026-10-08T22:00Z,a4t:89t,1,8,24.6,24.59,24.59,0,0,24.59,0
2026-10-08T21:00Z,2026-10-09T00:00Z,a4t:89t,3,8,24.96,24.95,25.79,0,0,25.79,0
2026-10-08T21:00Z,2026-10-09T03:00Z,a4t:89t,6,8,29.73,29.72,30.55,0.05,0.05,30.55,0.05
2026-10-08T21:00Z,2026-10-09T09:00Z,a4t:89t,12,8,28.25,28.24,29.08,0.92,0.92,29.08,0.92
2026-10-08T21:00Z,2026-10-09T21:00Z,a4t:89t,24,8,24.06,24.05,24.05,0,0,24.05,0
2026-10-08T21:00Z,2026-10-10T21:00Z,a4t:89t,48,8,23.9,23.89,23.89,0,0,23.89,0
2026-10-08T21:00Z,2026-10-08T22:00Z,a4t:41t,1,29,25.2,25.22,25.22,0.01,0.01,25.22,0.01
2026-10-08T21:00Z,2026-10-09T00:00Z,a4t:41t,3,29,25.46,25.48,27.1,0,0,27.1,0
2026-10-08T21:00Z,2026-10-09T03:00Z,a4t:41t,6,29,29.58,29.59,31.21,0.01,0.01,31.21,0.01
2026-10-08T21:00Z,2026-10-09T09:00Z,a4t:41t,12,29,31.78,31.79,33.41,0.04,0.04,33.41,0.04
2026-10-08T21:00Z,2026-10-09T21:00Z,a4t:41t,24,29,25.88,25.89,25.89,0,0,25.89,0
2026-10-08T21:00Z,2026-10-10T21:00Z,a4t:41t,48,29,23.83,23.85,23.85,1.58,1.54,23.85,1.54
2026-10-08T21:00Z,2026-10-08T22:00Z,a4t:13t,1,7,25.43,25.44,25.44,0,0,25.44,0
2026-10-08T21:00Z,2026-10-09T00:00Z,a4t:13t,3,7,25.53,25.54,26.23,0,0,26.23,0
2026-10-08T21:00Z,2026-10-09T03:00Z,a4t:13t,6,7,29.9,29.91,30.6,0,0,30.6,0
2026-10-08T21:00Z,2026-10-09T09:00Z,a4t:13t,12,7,31.62,31.63,32.32,0.2,0.2,32.32,0.2
2026-10-08T21:00Z,2026-10-09T21:00Z,a4t:13t,24,7,25.81,25.82,25.82,0.04,0.04,25.82,0.04
2026-10-08T21:00Z,2026-10-10T21:00Z,a4t:13t,48,7,24.28,24.3,24.3,1.23,1.23,24.3,1.23
2026-10-08T21:00Z,2026-10-08T22:00Z,a4t:22t,1,7,25.45,25.46,25.46,0,0,25.46,0
2026-10-08T21:00Z,2026-10-09T00:00Z,a4t:22t,3,7,25.53,25.54,26.17,0,0,26.17,0
2026-10-08T21:00Z,2026-10-09T03:00Z,a4t:22t,6,7,29.91,29.92,30.55,0,0,30.55,0
2026-10-08T21:00Z,2026-10-09T09:00Z,a4t:22t,12,7,31.67,31.67,32.3,0.2,0.2,32.3,0.2
2026-10-08T21:00Z,2026-10-09T21:00Z,a4t:22t,24,7,25.84,25.84,25.84,0.04,0.04,25.84,0.04
2026-10-08T21:00Z,2026-10-10T21:00Z,a4t:22t,48,7,24.33,24.33,24.33,1.18,1.18,24.33,1.18
2026-10-08T21:00Z,2026-10-08T22:00Z,a4t:62t,1,7,25.52,25.76,25.76,0.04,0.04,25.76,0.04
2026-10-08T21:00Z,2026-10-09T00:00Z,a4t:62t,3,7,25.74,25.97,26.97,0.09,0.09,26.97,0.09
2026-10-08T21:00Z,2026-10-09T03:00Z,a4t:62t,6,7,27.88,28.11,29.11,0.49,0.49,29.11,0.49
2026-10-08T21:00Z,2026-10-09T09:00Z,a4t:62t,12,7,27.34,27.58,28.57,0.29,0.29,28.57,0.29
2026-10-08T21:00Z,2026-10-09T21:00Z,a4t:62t,24,7,25.8,26.03,26.03,0.12,0.12,26.03,0.12
2026-10-08T21:00Z,2026-10-10T21:00Z,a4t:62t,48,7,24.68,24.91,24.91,0.89,0.89,24.91,0.89
2026-10-08T21:00Z,2026-10-08T22:00Z,a4t:67t,1,208,21.41,21.65,21.65,0,0,21.65,0
2026-10-08T21:00Z,2026-10-09T00:00Z,a4t:67t,3,208,21.47,21.71,21.71,0,0,21.71,0
2026-10-08T21:00Z,2026-10-09T03:00Z,a4t:67t,6,208,26.91,27.15,27.15,0,0,27.15,0
2026-10-08T21:00Z,2026-10-09T09:00Z,a4t:67t,12,208,31.15,31.4,31.4,0,0,31.4,0
2026-10-08T21:00Z,2026-10-09T21:00Z,a4t:67t,24,208,22.48,22.72,22.72,0,0,22.72,0
2026-10-08T21:00Z,2026-10-10T21:00Z,a4t:67t,48,208,23.35,23.59,23.59,0,0,23.59,0
2026-10-08T21:00Z,2026-10-08T22:00Z,a4t:106t,1,156,19.85,22.98,22.98,0,0,22.98,0
2026-10-08T21:00Z,2026-10-09T00:00Z,a4t:106t,3,156,20.72,23.85,27.93,0,0,27.93,0
2026-10-08T21:00Z,2026-10-09T03:00Z,a4t:106t,6,156,25.79,28.91,32.99,0,0,32.99,0
2026-10-08T21:00Z,2026-10-09T09:00Z,a4t:106t,12,156,27.84,30.97,35.05,0.08,0.08,35.05,0.08
2026-10-08T21:00Z,2026-10-09T21:00Z,a4t:106t,24,156,21.14,24.27,24.27,0.46,0.45,24.27,0.45
2026-10-08T21:00Z,2026-10-10T21:00Z,a4t:106t,48,156,20.53,23.66,23.66,0,0,23.66,0
2026-10-08T21:00Z,2026-10-08T22:00Z,a4t:101t,1,195,24.02,23.77,23.77,0,0,23.77,0
2026-10-08T21:00Z,2026-10-09T00:00Z,a4t:101t,3,195,24.11,23.86,25.12,0,0,25.12,0
2026-10-08T21:00Z,2026-10-09T03:00Z,a4t:101t,6,195,27.6,27.35,28.61,0,0,28.61,0
2026-10-08T21:00Z,2026-10-09T09:00Z,a4t:101t,12,195,29.34,29.1,30.36,0.1,0.1,30.36,0.1
2026-10-08T21:00Z,2026-10-09T21:00Z,a4t:101t,24,195,24.39,24.15,24.15,0,0,24.15,0
2026-10-08T21:00Z,2026-10-10T21:00Z,a4t:101t,48,195,23.74,23.5,23.5,0.06,0.06,23.5,0.06
2026-10-08T21:00Z,2026-10-08T22:00Z,a4t:20t,1,6,25.47,25.47,25.47,0,0,25.47,0
2026-10-08T21:00Z,2026-10-09T00:00Z,a4t:20t,3,6,25.52,25.52,25.95,0,0,25.95,0
2026-10-08T21:00Z,2026-10-09T03:00Z,a4t:20t,6,6,29.91,29.91,30.35,0,0,30.35,0
2026-10-08T21:00Z,2026-10-09T09:00Z,a4t:20t,12,6,31.65,31.65,32.09,0.22,0.22,32.09,0.22
2026-10-08T21:00Z,2026-10-09T21:00Z,a4t:20t,24,6,25.9,25.9,25.9,0.04,0.04,25.9,0.04
2026-10-08T21:00Z,2026-10-10T21:00Z,a4t:20t,48,6,24.41,24.41,24.41,0.91,0.91,24.41,0.91
2026-10-08T21:00Z,2026-10-08T22:00Z,a4t:77t,1,19,24.15,24.18,24.18,0,0,24.18,0
2026-10-08T21:00Z,2026-10-09T00:00Z,a4t:77t,3,19,24.59,24.63,24.07,0,0,24.07,0
2026-10-08T21:00Z,2026-10-09T03:00Z,a4t:77t,6,19,29.62,29.66,29.11,0,0,29.11,0
2026-10-08T21:00Z,2026-10-09T09:00Z,a4t:77t,12,19,31.26,31.3,30.74,0.19,0.19,30.74,0.19
2026-10-08T21:00Z,2026-10-09T21:00Z,a4t:77t,24,19,25.41,25.45,25.45,0,0,25.45,0
2026-10-08T21:00Z,2026-10-10T21:00Z,a4t:77t,48,19,24.09,24.13,24.13,0.11,0.11,24.13,0.11
2026-10-08T21:00Z,2026-10-08T22:00Z,a4t:121t,1,3,27.75,27.92,27.92,0.33,0.33,27.92,0.33
2026-10-08T21:00Z,2026-10-09T00:00Z,a4t:121t,3,3,27.34,27.51,28.61,0.62,0.62,28.61,0.62
2026-10-08T21:00Z,2026-10-09T03:00Z,a4t:121t,6,3,27.78,27.95,29.05,0.31,0.31,29.05,0.31
2026-10-08T21:00Z,2026-10-09T09:00Z,a4t:121t,12,3,27.48,27.65,28.75,0.12,0.12,28.75,0.12
2026-10-08T21:00Z,2026-10-09T21:00Z,a4t:121t,24,3,26.98,27.15,27.15,0.45,0.45,27.15,0.45
2026-10-08T21:00Z,2026-10-10T21:00Z,a4t:121t,48,3,26.12,26.29,26.29,0.45,0.45,26.29,0.45
2026-10-08T21:00Z,2026-10-08T22:00Z,a4t:21t,1,7,25.49,25.54,25.54,0,0,25.54,0
2026-10-08T21:00Z,2026-10-09T00:00Z,a4t:21t,3,7,25.52,25.56,25.93,0,0,25.93,0
2026-10-08T21:00Z,2026-10-09T03:00Z,a4t:21t,6,7,29.64,29.69,30.06,0,0,30.06,0
2026-10-08T21:00Z,2026-10-09T09:00Z,a4t:21t,12,7,31.52,31.56,31.93,0.16,0.16,31.93,0.16
2026-10-08T21:00Z,2026-10-09T21:00Z,a4t:21t,24,7,26.02,26.07,26.07,0.04,0.04,26.07,0.04
2026-10-08T21:00Z,2026-10-10T21:00Z,a4t:21t,48,7,24.52,24.56,24.56,0.71,0.71,24.56,0.71
2026-10-08T21:00Z,2026-10-08T22:00Z,a4t:70t,1,415,22.78,23.12,23.12,0,0,23.12,0
2026-10-08T21:00Z,2026-10-09T00:00Z,a4t:70t,3,415,23.03,23.37,26.27,0,0,26.27,0
2026-10-08T21:00Z,2026-10-09T03:00Z,a4t:70t,6,415,27.2,27.53,30.43,0,0,30.43,0
2026-10-08T21:00Z,2026-10-09T09:00Z,a4t:70t,12,415,29.85,30.19,33.09,0,0,33.09,0
2026-10-08T21:00Z,2026-10-09T21:00Z,a4t:70t,24,415,22.71,23.05,23.05,0,0,23.05,0
2026-10-08T21:00Z,2026-10-10T21:00Z,a4t:70t,48,415,22.36,22.7,22.7,0.61,0.58,22.7,0.58
2026-10-08T21:00Z,2026-10-08T22:00Z,a4t:120t,1,13,24.46,24.81,24.81,0.01,0.01,24.81,0.01
2026-10-08T21:00Z,2026-10-09T00:00Z,a4t:120t,3,13,24.87,25.22,26.28,0.06,0.06,26.28,0.06
2026-10-08T21:00Z,2026-10-09T03:00Z,a4t:120t,6,13,29.03,29.38,30.44,0.04,0.04,30.44,0.04
2026-10-08T21:00Z,2026-10-09T09:00Z,a4t:120t,12,13,26.59,26.94,28,1.21,1.19,28,1.19
2026-10-08T21:00Z,2026-10-09T21:00Z,a4t:120t,24,13,23.8,24.15,24.15,0.01,0.01,24.15,0.01
2026-10-08T21:00Z,2026-10-10T21:00Z,a4t:120t,48,13,23.46,23.81,23.81,0.01,0.01,23.81,0.01
2026-10-08T21:00Z,2026-10-08T22:00Z,a4t:95t,1,38,24.87,24.87,24.87,0.08,0.08,24.87,0.08
2026-10-08T21:00Z,2026-10-09T00:00Z,a4t:95t,3,38,25.16,25.16,25.37,0.09,0.09,25.37,0.09
2026-10-08T21:00Z,2026-10-09T03:00Z,a4t:95t,6,38,29.8,29.8,30.01,0,0,30.01,0
2026-10-08T21:00Z,2026-10-09T09:00Z,a4t:95t,12,38,31.86,31.87,32.08,0.02,0.02,32.08,0.02
2026-10-08T21:00Z,2026-10-09T21:00Z,a4t:95t,24,38,25.32,25.32,25.32,0,0,25.32,0
2026-10-08T21:00Z,2026-10-10T21:00Z,a4t:95t,48,38,24.13,24.13,24.13,1.44,1.44,24.13,1.44
2026-10-08T21:00Z,2026-10-08T22:00Z,a4t:43t,1,16,27.37,27.27,27.27,0.76,0.74,27.27,0.74
2026-10-08T21:00Z,2026-10-09T00:00Z,a4t:43t,3,16,27.04,26.93,27.82,0.13,0.12,27.82,0.12
2026-10-08T21:00Z,2026-10-09T03:00Z,a4t:43t,6,16,28.68,28.57,29.46,0.08,0.08,29.46,0.08
2026-10-08T21:00Z,2026-10-09T09:00Z,a4t:43t,12,16,28.08,27.98,28.87,0.7,0.69,28.87,0.69
2026-10-08T21:00Z,2026-10-09T21:00Z,a4t:43t,24,16,26.52,26.42,26.42,0.07,0.07,26.42,0.07
2026-10-08T21:00Z,2026-10-10T21:00Z,a4t:43t,48,16,25.87,25.76,25.76,0.12,0.12,25.76,0.12
2026-10-08T21:00Z,2026-10-08T22:00Z,a4t:114t,1,147,23.7,23.99,23.99,0,0,23.99,0
2026-10-08T21:00Z,2026-10-09T00:00Z,a4t:114t,3,147,23.77,24.06,24.8,0,0,24.8,0
2026-10-08T21:00Z,2026-10-09T03:00Z,a4t:114t,6,147,27.82,28.11,28.85,0,0,28.85,0
2026-10-08T21:00Z,2026-10-09T09:00Z,a4t:114t,12,147,30.33,30.62,31.36,0,0,31.36,0
2026-10-08T21:00Z,2026-10-09T21:00Z,a4t:114t,24,147,24.24,24.52,24.52,0,0,24.52,0
2026-10-08T21:00Z,2026-10-10T21:00Z,a4t:114t,48,147,23.74,24.03,24.03,0,0,24.03,0
2026-10-08T21:00Z,2026-10-08T22:00Z,a4t:102t,1,146,22.94,23.22,23.22,0,0,23.22,0
2026-10-08T21:00Z,2026-10-09T00:00Z,a4t:102t,3,146,23.32,23.6,26.16,0,0,26.16,0
2026-10-08T21:00Z,2026-10-09T03:00Z,a4t:102t,6,146,27.14,27.42,29.98,0.23,0.23,29.98,0.23
2026-10-08T21:00Z,2026-10-09T09:00Z,a4t:102t,12,146,28.93,29.21,31.77,0.07,0.07,31.77,0.07
2026-10-08T21:00Z,2026-10-09T21:00Z,a4t:102t,24,146,23.43,23.71,23.71,0,0,23.71,0
2026-10-08T21:00Z,2026-10-10T21:00Z,a4t:102t,48,146,23.96,24.24,24.24,0,0,24.24,0
2026-10-08T21:00Z,2026-10-08T22:00Z,a4t:63t,1,24,26.07,26.67,26.67,0.2,0.19,26.67,0.19
2026-10-08T21:00Z,2026-10-09T00:00Z,a4t:63t,3,24,25.8,26.41,27.51,0.42,0.41,27.51,0.41
2026-10-08T21:00Z,2026-10-09T03:00Z,a4t:63t,6,24,27.67,28.28,29.38,0.22,0.21,29.38,0.21
2026-10-08T21:00Z,2026-10-09T09:00Z,a4t:63t,12,24,26.82,27.42,28.52,0.27,0.26,28.52,0.26
2026-10-08T21:00Z,2026-10-09T21:00Z,a4t:63t,24,24,25.2,25.8,25.8,0.27,0.26,25.8,0.26
2026-10-08T21:00Z,2026-10-10T21:00Z,a4t:63t,48,24,24.56,25.17,25.17,0.53,0.52,25.17,0.52
2026-10-08T21:00Z,2026-10-08T22:00Z,a4t:78t,1,314,23.26,23.4,23.4,0.07,0.07,23.4,0.07
2026-10-08T21:00Z,2026-10-09T00:00Z,a4t:78t,3,314,23.16,23.3,23.63,0.14,0.14,23.63,0.14
2026-10-08T21:00Z,2026-10-09T03:00Z,a4t:78t,6,314,27.43,27.56,27.9,0.02,0.02,27.9,0.02
2026-10-08T21:00Z,2026-10-09T09:00Z,a4t:78t,12,314,25.58,25.71,26.05,0.41,0.41,26.05,0.41
2026-10-08T21:00Z,2026-10-09T21:00Z,a4t:78t,24,314,21.82,21.95,21.95,0,0,21.95,0
2026-10-08T21:00Z,2026-10-10T21:00Z,a4t:78t,48,314,21.76,21.9,21.9,0.32,0.32,21.9,0.32
2026-10-08T21:00Z,2026-10-08T22:00Z,a4t:109t,1,129,24.09,24.15,24.15,0,0,24.15,0
2026-10-08T21:00Z,2026-10-09T00:00Z,a4t:109t,3,129,24.17,24.23,25.05,0,0,25.05,0
2026-10-08T21:00Z,2026-10-09T03:00Z,a4t:109t,6,129,27.81,27.87,28.69,0.08,0.08,28.69,0.08
2026-10-08T21:00Z,2026-10-09T09:00Z,a4t:109t,12,129,29.49,29.55,30.37,0.05,0.05,30.37,0.05
2026-10-08T21:00Z,2026-10-09T21:00Z,a4t:109t,24,129,24.07,24.13,24.13,0,0,24.13,0
2026-10-08T21:00Z,2026-10-10T21:00Z,a4t:109t,48,129,24.32,24.38,24.38,0.11,0.11,24.38,0.11
2026-10-08T21:00Z,2026-10-08T22:00Z,a4t:28t,1,65,25.3,25.26,25.26,0,0,25.26,0
2026-10-08T21:00Z,2026-10-09T00:00Z,a4t:28t,3,65,25.48,25.44,26.37,0,0,26.37,0
2026-10-08T21:00Z,2026-10-09T03:00Z,a4t:28t,6,65,29.64,29.6,30.53,0,0,30.53,0
2026-10-08T21:00Z,2026-10-09T09:00Z,a4t:28t,12,65,30.26,30.22,31.15,0.29,0.29,31.15,0.29
2026-10-08T21:00Z,2026-10-09T21:00Z,a4t:28t,24,65,25.47,25.43,25.43,0.02,0.02,25.43,0.02
2026-10-08T21:00Z,2026-10-10T21:00Z,a4t:28t,48,65,23.62,23.58,23.58,0.09,0.09,23.58,0.09
2026-10-08T21:00Z,2026-10-08T22:00Z,a4t:29t,1,22,26.5,26.63,26.63,0.05,0.05,26.63,0.05
2026-10-08T21:00Z,2026-10-09T00:00Z,a4t:29t,3,22,26.54,26.68,27.91,0,0,27.91,0
2026-10-08T21:00Z,2026-10-09T03:00Z,a4t:29t,6,22,29.53,29.66,30.89,0,0,30.89,0
2026-10-08T21:00Z,2026-10-09T09:00Z,a4t:29t,12,22,30.17,30.3,31.53,0.23,0.22,31.53,0.22
2026-10-08T21:00Z,2026-10-09T21:00Z,a4t:29t,24,22,26.18,26.31,26.31,0.24,0.24,26.31,0.24
2026-10-08T21:00Z,2026-10-10T21:00Z,a4t:29t,48,22,24.52,24.65,24.65,0.21,0.21,24.65,0.21
2026-10-08T21:00Z,2026-10-08T22:00Z,a4t:30t,1,8,26.53,26.75,26.75,0.05,0.05,26.75,0.05
2026-10-08T21:00Z,2026-10-09T00:00Z,a4t:30t,3,8,26.58,26.79,28.02,0,0,28.02,0
2026-10-08T21:00Z,2026-10-09T03:00Z,a4t:30t,6,8,29.42,29.64,30.87,0,0,30.87,0
2026-10-08T21:00Z,2026-10-09T09:00Z,a4t:30t,12,8,30.03,30.24,31.47,0.23,0.23,31.47,0.23
2026-10-08T21:00Z,2026-10-09T21:00Z,a4t:30t,24,8,26.19,26.4,26.4,0.25,0.25,26.4,0.25
2026-10-08T21:00Z,2026-10-10T21:00Z,a4t:30t,48,8,24.62,24.83,24.83,0.22,0.22,24.83,0.22
2026-10-08T21:00Z,2026-10-08T22:00Z,a4t:113t,1,148,24,24.1,24.1,0,0,24.1,0
2026-10-08T21:00Z,2026-10-09T00:00Z,a4t:113t,3,148,24.03,24.13,24.68,0,0,24.68,0
2026-10-08T21:00Z,2026-10-09T03:00Z,a4t:113t,6,148,28.02,28.13,28.67,0,0,28.67,0
2026-10-08T21:00Z,2026-10-09T09:00Z,a4t:113t,12,148,30.2,30.31,30.85,0,0,30.85,0
2026-10-08T21:00Z,2026-10-09T21:00Z,a4t:113t,24,148,24.15,24.26,24.26,0,0,24.26,0
2026-10-08T21:00Z,2026-10-10T21:00Z,a4t:113t,48,148,24.04,24.14,24.14,0,0,24.14,0
2026-10-08T21:00Z,2026-10-08T22:00Z,a4t:99t,1,16,25.3,25.33,25.33,0,0,25.33,0
2026-10-08T21:00Z,2026-10-09T00:00Z,a4t:99t,3,16,25.44,25.48,26.09,0,0,26.09,0
2026-10-08T21:00Z,2026-10-09T03:00Z,a4t:99t,6,16,29.81,29.84,30.46,0,0,30.46,0
2026-10-08T21:00Z,2026-10-09T09:00Z,a4t:99t,12,16,31.82,31.85,32.46,0.1,0.1,32.46,0.1
2026-10-08T21:00Z,2026-10-09T21:00Z,a4t:99t,24,16,25.78,25.81,25.81,0,0,25.81,0
2026-10-08T21:00Z,2026-10-10T21:00Z,a4t:99t,48,16,24.63,24.67,24.67,0.01,0.01,24.67,0.01
2026-10-08T21:00Z,2026-10-08T22:00Z,a4t:37t,1,246,22.67,22.94,22.94,0,0,22.94,0
2026-10-08T21:00Z,2026-10-09T00:00Z,a4t:37t,3,246,22.67,22.94,27.55,0,0,27.55,0
2026-10-08T21:00Z,2026-10-09T03:00Z,a4t:37t,6,246,27.63,27.9,32.51,0,0,32.51,0
2026-10-08T21:00Z,2026-10-09T09:00Z,a4t:37t,12,246,31.2,31.47,36.08,0,0,36.08,0
2026-10-08T21:00Z,2026-10-09T21:00Z,a4t:37t,24,246,23.29,23.56,23.56,0,0,23.56,0
2026-10-08T21:00Z,2026-10-10T21:00Z,a4t:37t,48,246,23.62,23.89,23.89,0.54,0.53,23.89,0.53
2026-10-08T21:00Z,2026-10-08T22:00Z,a4t:38t,1,332,22.89,22.77,22.77,0,0,22.77,0
2026-10-08T21:00Z,2026-10-09T00:00Z,a4t:38t,3,332,23.4,23.27,26.42,0,0,26.42,0
2026-10-08T21:00Z,2026-10-09T03:00Z,a4t:38t,6,332,28.29,28.16,31.31,0,0,31.31,0
2026-10-08T21:00Z,2026-10-09T09:00Z,a4t:38t,12,332,29.92,29.8,32.94,0,0,32.94,0
2026-10-08T21:00Z,2026-10-09T21:00Z,a4t:38t,24,332,23.37,23.24,23.24,0,0,23.24,0
2026-10-08T21:00Z,2026-10-10T21:00Z,a4t:38t,48,332,23.31,23.18,23.18,0.38,0.35,23.18,0.35
2026-10-08T21:00Z,2026-10-08T22:00Z,a4t:39t,1,399,21.47,22.79,22.79,0,0,22.79,0
2026-10-08T21:00Z,2026-10-09T00:00Z,a4t:39t,3,399,21.79,23.1,26.95,0,0,26.95,0
2026-10-08T21:00Z,2026-10-09T03:00Z,a4t:39t,6,399,26.97,28.29,32.14,0,0,32.14,0
2026-10-08T21:00Z,2026-10-09T09:00Z,a4t:39t,12,399,28.32,29.63,33.48,0,0,33.48,0
2026-10-08T21:00Z,2026-10-09T21:00Z,a4t:39t,24,399,21.76,23.08,23.08,0,0,23.08,0
2026-10-08T21:00Z,2026-10-10T21:00Z,a4t:39t,48,399,22.01,23.33,23.33,0.11,0.11,23.33,0.11
2026-10-08T21:00Z,2026-10-08T22:00Z,a4t:40t,1,380,22.62,22.37,22.37,0,0,22.37,0
2026-10-08T21:00Z,2026-10-09T00:00Z,a4t:40t,3,380,22.91,22.66,26.51,0,0,26.51,0
2026-10-08T21:00Z,2026-10-09T03:00Z,a4t:40t,6,380,27.86,27.61,31.46,0,0,31.46,0
2026-10-08T21:00Z,2026-10-09T09:00Z,a4t:40t,12,380,30.15,29.9,33.75,0,0,33.75,0
2026-10-08T21:00Z,2026-10-09T21:00Z,a4t:40t,24,380,23.13,22.88,22.88,0,0,22.88,0
2026-10-08T21:00Z,2026-10-10T21:00Z,a4t:40t,48,380,23.2,22.95,22.95,0.42,0.44,22.95,0.44
2026-10-08T21:00Z,2026-10-08T22:00Z,a4t:68t,1,299,23.24,23.63,23.63,0,0,23.63,0
2026-10-08T21:00Z,2026-10-09T00:00Z,a4t:68t,3,299,23.09,23.48,28.34,0,0,28.34,0
2026-10-08T21:00Z,2026-10-09T03:00Z,a4t:68t,6,299,27.43,27.82,32.68,0,0,32.68,0
2026-10-08T21:00Z,2026-10-09T09:00Z,a4t:68t,12,299,30.95,31.34,36.2,0.01,0.01,36.2,0.01
2026-10-08T21:00Z,2026-10-09T21:00Z,a4t:68t,24,299,23.41,23.8,23.8,0,0,23.8,0
2026-10-08T21:00Z,2026-10-10T21:00Z,a4t:68t,48,299,23.8,24.18,24.18,0.18,0.18,24.18,0.18
2026-10-08T21:00Z,2026-10-08T22:00Z,a4t:112t,1,130,23.97,24,24,0,0,24,0
2026-10-08T21:00Z,2026-10-09T00:00Z,a4t:112t,3,130,24.13,24.16,23.56,0,0,23.56,0
2026-10-08T21:00Z,2026-10-09T03:00Z,a4t:112t,6,130,27.19,27.23,26.62,0.02,0.02,26.62,0.02
2026-10-08T21:00Z,2026-10-09T09:00Z,a4t:112t,12,130,28.1,28.13,27.53,0.13,0.13,27.53,0.13
2026-10-08T21:00Z,2026-10-09T21:00Z,a4t:112t,24,130,24.21,24.24,24.24,0,0,24.24,0
2026-10-08T21:00Z,2026-10-10T21:00Z,a4t:112t,48,130,24.21,24.25,24.25,0.37,0.37,24.25,0.37
2026-10-08T21:00Z,2026-10-08T22:00Z,a4t:90t,1,168,22.62,23.33,23.33,0,0,23.33,0
2026-10-08T21:00Z,2026-10-09T00:00Z,a4t:90t,3,168,22.97,23.69,25.26,0,0,25.26,0
2026-10-08T21:00Z,2026-10-09T03:00Z,a4t:90t,6,168,27.32,28.03,29.6,0,0,29.6,0
2026-10-08T21:00Z,2026-10-09T09:00Z,a4t:90t,12,168,29.42,30.13,31.7,0,0,31.7,0
2026-10-08T21:00Z,2026-10-09T21:00Z,a4t:90t,24,168,23.44,24.15,24.15,0.06,0.05,24.15,0.05
2026-10-08T21:00Z,2026-10-10T21:00Z,a4t:90t,48,168,22.53,23.24,23.24,0,0,23.24,0
2026-10-08T21:00Z,2026-10-08T22:00Z,a4t:44t,1,19,26.21,26.64,26.64,0.24,0.23,26.64,0.23
2026-10-08T21:00Z,2026-10-09T00:00Z,a4t:44t,3,19,26.15,26.58,27.57,0.44,0.42,27.57,0.42
2026-10-08T21:00Z,2026-10-09T03:00Z,a4t:44t,6,19,27.89,28.32,29.31,0.05,0.05,29.31,0.05
2026-10-08T21:00Z,2026-10-09T09:00Z,a4t:44t,12,19,26.52,26.95,27.94,0.52,0.5,27.94,0.5
2026-10-08T21:00Z,2026-10-09T21:00Z,a4t:44t,24,19,25.37,25.8,25.8,0.28,0.27,25.8,0.27
2026-10-08T21:00Z,2026-10-10T21:00Z,a4t:44t,48,19,24.48,24.91,24.91,0.24,0.23,24.91,0.23
2026-10-08T21:00Z,2026-10-08T22:00Z,a4t:80t,1,9,25.99,26.62,26.62,0.41,0.4,26.62,0.4
2026-10-08T21:00Z,2026-10-09T00:00Z,a4t:80t,3,9,26.03,26.66,27.21,0.08,0.08,27.21,0.08
2026-10-08T21:00Z,2026-10-09T03:00Z,a4t:80t,6,9,27.62,28.25,28.81,0.23,0.23,28.81,0.23
2026-10-08T21:00Z,2026-10-09T09:00Z,a4t:80t,12,9,26.62,27.25,27.81,0.54,0.53,27.81,0.53
2026-10-08T21:00Z,2026-10-09T21:00Z,a4t:80t,24,9,24.79,25.42,25.42,0.83,0.81,25.42,0.81
2026-10-08T21:00Z,2026-10-10T21:00Z,a4t:80t,48,9,24.03,24.66,24.66,0.17,0.16,24.66,0.16
2026-10-08T21:00Z,2026-10-08T22:00Z,a4t:08t,1,6,25.35,25.41,25.41,0,0,25.41,0
2026-10-08T21:00Z,2026-10-09T00:00Z,a4t:08t,3,6,25.52,25.57,26.52,0,0,26.52,0
2026-10-08T21:00Z,2026-10-09T03:00Z,a4t:08t,6,6,29.87,29.93,30.87,0,0,30.87,0
2026-10-08T21:00Z,2026-10-09T09:00Z,a4t:08t,12,6,31.42,31.47,32.42,0.19,0.19,32.42,0.19
2026-10-08T21:00Z,2026-10-09T21:00Z,a4t:08t,24,6,25.73,25.79,25.79,0.03,0.03,25.79,0.03
2026-10-08T21:00Z,2026-10-10T21:00Z,a4t:08t,48,6,24.14,24.19,24.19,1.33,1.33,24.19,1.33
2026-10-08T21:00Z,2026-10-08T22:00Z,a4t:16t,1,5,25.34,25.41,25.41,0,0,25.41,0
2026-10-08T21:00Z,2026-10-09T00:00Z,a4t:16t,3,5,25.51,25.59,26.51,0,0,26.51,0
2026-10-08T21:00Z,2026-10-09T03:00Z,a4t:16t,6,5,29.87,29.94,30.87,0,0,30.87,0
2026-10-08T21:00Z,2026-10-09T09:00Z,a4t:16t,12,5,31.36,31.44,32.36,0.19,0.19,32.36,0.19
2026-10-08T21:00Z,2026-10-09T21:00Z,a4t:16t,24,5,25.72,25.79,25.79,0.03,0.03,25.79,0.03
2026-10-08T21:00Z,2026-10-10T21:00Z,a4t:16t,48,5,24.1,24.17,24.17,1.32,1.32,24.17,1.32
2026-10-08T21:00Z,2026-10-08T22:00Z,a4t:17t,1,6,25.35,25.41,25.41,0,0,25.41,0
2026-10-08T21:00Z,2026-10-09T00:00Z,a4t:17t,3,6,25.51,25.57,26.49,0,0,26.49,0
2026-10-08T21:00Z,2026-10-09T03:00Z,a4t:17t,6,6,29.86,29.92,30.84,0,0,30.84,0
2026-10-08T21:00Z,2026-10-09T09:00Z,a4t:17t,12,6,31.42,31.47,32.39,0.19,0.19,32.39,0.19
2026-10-08T21:00Z,2026-10-09T21:00Z,a4t:17t,24,6,25.73,25.78,25.78,0.03,0.03,25.78,0.03
2026-10-08T21:00Z,2026-10-10T21:00Z,a4t:17t,48,6,24.13,24.19,24.19,1.37,1.37,24.19,1.37
2026-10-08T21:00Z,2026-10-08T22:00Z,a4t:84t,1,4,25.03,25.06,25.06,0,0,25.06,0
2026-10-08T21:00Z,2026-10-09T00:00Z,a4t:84t,3,4,25.42,25.44,26.22,0,0,26.22,0
2026-10-08T21:00Z,2026-10-09T03:00Z,a4t:84t,6,4,29.63,29.66,30.43,0,0,30.43,0
2026-10-08T21:00Z,2026-10-09T09:00Z,a4t:84t,12,4,31.53,31.55,32.33,0.05,0.05,32.33,0.05
2026-10-08T21:00Z,2026-10-09T21:00Z,a4t:84t,24,4,25.46,25.48,25.48,0.04,0.04,25.48,0.04
2026-10-08T21:00Z,2026-10-10T21:00Z,a4t:84t,48,4,24.03,24.05,24.05,3.12,3.12,24.05,3.12
2026-10-08T21:00Z,2026-10-08T22:00Z,a4t:14t,1,6,25.35,25.39,25.39,0,0,25.39,0
2026-10-08T21:00Z,2026-10-09T00:00Z,a4t:14t,3,6,25.53,25.57,26.06,0,0,26.06,0
2026-10-08T21:00Z,2026-10-09T03:00Z,a4t:14t,6,6,29.82,29.85,30.34,0,0,30.34,0
2026-10-08T21:00Z,2026-10-09T09:00Z,a4t:14t,12,6,31.67,31.7,32.19,0.14,0.14,32.19,0.14
2026-10-08T21:00Z,2026-10-09T21:00Z,a4t:14t,24,6,25.71,25.74,25.74,0.05,0.05,25.74,0.05
2026-10-08T21:00Z,2026-10-10T21:00Z,a4t:14t,48,6,24.19,24.22,24.22,1.93,1.93,24.22,1.93
2026-10-08T21:00Z,2026-10-08T22:00Z,a4t:25t,1,23,24.2,24.48,24.48,0,0,24.48,0
2026-10-08T21:00Z,2026-10-09T00:00Z,a4t:25t,3,23,24.73,25.01,24.75,0,0,24.75,0
2026-10-08T21:00Z,2026-10-09T03:00Z,a4t:25t,6,23,30.03,30.31,30.05,0,0,30.05,0
2026-10-08T21:00Z,2026-10-09T09:00Z,a4t:25t,12,23,30.98,31.27,31,0.35,0.35,31,0.35
2026-10-08T21:00Z,2026-10-09T21:00Z,a4t:25t,24,23,24.98,25.26,25.26,0,0,25.26,0
2026-10-08T21:00Z,2026-10-10T21:00Z,a4t:25t,48,23,24.27,24.56,24.56,0.05,0.05,24.56,0.05
2026-10-08T21:00Z,2026-10-08T22:00Z,a4t:104t,1,13,25.3,25.27,25.27,0.01,0.01,25.27,0.01
2026-10-08T21:00Z,2026-10-09T00:00Z,a4t:104t,3,13,25.33,25.3,26.14,0,0,26.14,0
2026-10-08T21:00Z,2026-10-09T03:00Z,a4t:104t,6,13,29.63,29.61,30.44,0,0,30.44,0
2026-10-08T21:00Z,2026-10-09T09:00Z,a4t:104t,12,13,31.81,31.79,32.62,0,0,32.62,0
2026-10-08T21:00Z,2026-10-09T21:00Z,a4t:104t,24,13,25.84,25.82,25.82,0.02,0.02,25.82,0.02
2026-10-08T21:00Z,2026-10-10T21:00Z,a4t:104t,48,13,24.78,24.75,24.75,0.04,0.04,24.75,0.04
2026-10-08T21:00Z,2026-10-08T22:00Z,a4t:85t,1,8,25.53,25.54,25.54,0,0,25.54,0
2026-10-08T21:00Z,2026-10-09T00:00Z,a4t:85t,3,8,25.69,25.71,26.44,0,0,26.44,0
2026-10-08T21:00Z,2026-10-09T03:00Z,a4t:85t,6,8,29.82,29.84,30.57,0,0,30.57,0
2026-10-08T21:00Z,2026-10-09T09:00Z,a4t:85t,12,8,31.95,31.97,32.7,0.07,0.07,32.7,0.07
2026-10-08T21:00Z,2026-10-09T21:00Z,a4t:85t,24,8,25.84,25.86,25.86,0.09,0.09,25.86,0.09
2026-10-08T21:00Z,2026-10-10T21:00Z,a4t:85t,48,8,24.42,24.44,24.44,1.24,1.24,24.44,1.24
2026-10-08T21:00Z,2026-10-08T22:00Z,a4t:42t,1,8,24.39,24.56,24.56,0,0,24.56,0
2026-10-08T21:00Z,2026-10-09T00:00Z,a4t:42t,3,8,24.54,24.71,24.98,0.01,0.01,24.98,0.01
2026-10-08T21:00Z,2026-10-09T03:00Z,a4t:42t,6,8,29.16,29.33,29.6,0.06,0.06,29.6,0.06
2026-10-08T21:00Z,2026-10-09T09:00Z,a4t:42t,12,8,27.98,28.15,28.42,0.4,0.4,28.42,0.4
2026-10-08T21:00Z,2026-10-09T21:00Z,a4t:42t,24,8,23.95,24.12,24.12,0,0,24.12,0
2026-10-08T21:00Z,2026-10-10T21:00Z,a4t:42t,48,8,23.63,23.8,23.8,0,0,23.8,0
2026-10-08T21:00Z,2026-10-08T22:00Z,a4t:111t,1,149,24.05,24.01,24.01,0,0,24.01,0
2026-10-08T21:00Z,2026-10-09T00:00Z,a4t:111t,3,149,24.14,24.1,25.29,0,0,25.29,0
2026-10-08T21:00Z,2026-10-09T03:00Z,a4t:111t,6,149,27.65,27.61,28.8,0,0,28.8,0
2026-10-08T21:00Z,2026-10-09T09:00Z,a4t:111t,12,149,29.04,29,30.19,0.09,0.09,30.19,0.09
2026-10-08T21:00Z,2026-10-09T21:00Z,a4t:111t,24,149,24.4,24.36,24.36,0,0,24.36,0
2026-10-08T21:00Z,2026-10-10T21:00Z,a4t:111t,48,149,23.87,23.83,23.83,0.27,0.27,23.83,0.27
2026-10-08T21:00Z,2026-10-08T22:00Z,a4t:96t,1,51,25.08,25.07,25.07,0,0,25.07,0
2026-10-08T21:00Z,2026-10-09T00:00Z,a4t:96t,3,51,24.82,24.81,20.84,0,0,20.84,0
2026-10-08T21:00Z,2026-10-09T03:00Z,a4t:96t,6,51,29.15,29.14,25.17,0,0,25.17,0
2026-10-08T21:00Z,2026-10-09T09:00Z,a4t:96t,12,51,31.32,31.31,27.34,0.07,0.07,27.34,0.07
2026-10-08T21:00Z,2026-10-09T21:00Z,a4t:96t,24,51,25.4,25.39,25.39,0,0,25.39,0
2026-10-08T21:00Z,2026-10-10T21:00Z,a4t:96t,48,51,24.02,24.01,24.01,1.26,1.23,24.01,1.23
2026-10-08T21:00Z,2026-10-08T22:00Z,a4t:82t,1,166,22.9,23.23,23.23,0,0,23.23,0
2026-10-08T21:00Z,2026-10-09T00:00Z,a4t:82t,3,166,23.11,23.45,24.27,0,0,24.27,0
2026-10-08T21:00Z,2026-10-09T03:00Z,a4t:82t,6,166,27.54,27.87,28.7,0,0,28.7,0
2026-10-08T21:00Z,2026-10-09T09:00Z,a4t:82t,12,166,30.58,30.91,31.74,0,0,31.74,0
2026-10-08T21:00Z,2026-10-09T21:00Z,a4t:82t,24,166,24,24.33,24.33,0,0,24.33,0
2026-10-08T21:00Z,2026-10-10T21:00Z,a4t:82t,48,166,23.59,23.92,23.92,0,0,23.92,0
2026-10-08T21:00Z,2026-10-08T22:00Z,a4t:115t,1,261,22.23,22.53,22.53,0,0,22.53,0
2026-10-08T21:00Z,2026-10-09T00:00Z,a4t:115t,3,261,22.42,22.72,23.62,0,0,23.62,0
2026-10-08T21:00Z,2026-10-09T03:00Z,a4t:115t,6,261,27.24,27.55,28.45,0,0,28.45,0
2026-10-08T21:00Z,2026-10-09T09:00Z,a4t:115t,12,261,29.64,29.94,30.84,0,0,30.84,0
2026-10-08T21:00Z,2026-10-09T21:00Z,a4t:115t,24,261,23.58,23.89,23.89,0,0,23.89,0
2026-10-08T21:00Z,2026-10-10T21:00Z,a4t:115t,48,261,23.1,23.41,23.41,0,0,23.41,0
2026-10-08T21:00Z,2026-10-08T22:00Z,a4t:110t,1,160,23.75,23.72,23.72,0,0,23.72,0
2026-10-08T21:00Z,2026-10-09T00:00Z,a4t:110t,3,160,24.02,24,25.31,0,0,25.31,0
2026-10-08T21:00Z,2026-10-09T03:00Z,a4t:110t,6,160,26.95,26.93,28.24,0.38,0.39,28.24,0.39
2026-10-08T21:00Z,2026-10-09T09:00Z,a4t:110t,12,160,28.92,28.89,30.2,0.13,0.13,30.2,0.13
2026-10-08T21:00Z,2026-10-09T21:00Z,a4t:110t,24,160,23.81,23.79,23.79,0,0,23.79,0
2026-10-08T21:00Z,2026-10-10T21:00Z,a4t:110t,48,160,24.3,24.28,24.28,0.03,0.03,24.28,0.03
2026-10-08T21:00Z,2026-10-08T22:00Z,a4t:91t,1,177,22.86,23.1,23.1,0,0,23.1,0
2026-10-08T21:00Z,2026-10-09T00:00Z,a4t:91t,3,177,23.03,23.27,24.77,0,0,24.77,0
2026-10-08T21:00Z,2026-10-09T03:00Z,a4t:91t,6,177,27.59,27.82,29.33,0,0,29.33,0
2026-10-08T21:00Z,2026-10-09T09:00Z,a4t:91t,12,177,30.5,30.74,32.25,0,0,32.25,0
2026-10-08T21:00Z,2026-10-09T21:00Z,a4t:91t,24,177,24.24,24.47,24.47,0,0,24.47,0
2026-10-08T21:00Z,2026-10-10T21:00Z,a4t:91t,48,177,23.52,23.76,23.76,0,0,23.76,0
2026-10-08T21:00Z,2026-10-08T22:00Z,a4t:92t,1,70,23.95,24.31,24.31,0,0,24.31,0
2026-10-08T21:00Z,2026-10-09T00:00Z,a4t:92t,3,70,24.08,24.43,20.59,0,0,20.59,0
2026-10-08T21:00Z,2026-10-09T03:00Z,a4t:92t,6,70,29.16,29.52,25.68,0,0,25.68,0
2026-10-08T21:00Z,2026-10-09T09:00Z,a4t:92t,12,70,31.41,31.77,27.93,0,0,27.93,0
2026-10-08T21:00Z,2026-10-09T21:00Z,a4t:92t,24,70,24.35,24.71,24.71,0,0,24.71,0
2026-10-08T21:00Z,2026-10-10T21:00Z,a4t:92t,48,70,24.68,25.04,25.04,0.58,0.56,25.04,0.56
2026-10-08T21:00Z,2026-10-08T22:00Z,a4t:98t,1,34,25.35,25.29,25.29,0.09,0.09,25.29,0.09
2026-10-08T21:00Z,2026-10-09T00:00Z,a4t:98t,3,34,25.53,25.48,27.88,0,0,27.88,0
2026-10-08T21:00Z,2026-10-09T03:00Z,a4t:98t,6,34,29.43,29.37,31.77,0.05,0.05,31.77,0.05
2026-10-08T21:00Z,2026-10-09T09:00Z,a4t:98t,12,34,31.68,31.62,34.02,0,0,34.02,0
2026-10-08T21:00Z,2026-10-09T21:00Z,a4t:98t,24,34,25.93,25.88,25.88,0,0,25.88,0
2026-10-08T21:00Z,2026-10-10T21:00Z,a4t:98t,48,34,24,23.95,23.95,1.26,1.26,23.95,1.26
2026-10-08T21:00Z,2026-10-08T22:00Z,a4t:83t,1,126,23.82,23.94,23.94,0,0,23.94,0
2026-10-08T21:00Z,2026-10-09T00:00Z,a4t:83t,3,126,24.12,24.24,24.5,0,0,24.5,0
2026-10-08T21:00Z,2026-10-09T03:00Z,a4t:83t,6,126,26.53,26.65,26.91,0.15,0.15,26.91,0.15
2026-10-08T21:00Z,2026-10-09T09:00Z,a4t:83t,12,126,27.68,27.8,28.06,0.18,0.18,28.06,0.18
2026-10-08T21:00Z,2026-10-09T21:00Z,a4t:83t,24,126,24.01,24.13,24.13,0,0,24.13,0
2026-10-08T21:00Z,2026-10-10T21:00Z,a4t:83t,48,126,24.17,24.29,24.29,0.07,0.07,24.29,0.07
2026-10-08T21:00Z,2026-10-08T22:00Z,a4t:116t,1,8,25.42,25.4,25.4,0.01,0.01,25.4,0.01
2026-10-08T21:00Z,2026-10-09T00:00Z,a4t:116t,3,8,25.42,25.4,26.12,0,0,26.12,0
2026-10-08T21:00Z,2026-10-09T03:00Z,a4t:116t,6,8,30.08,30.06,30.78,0,0,30.78,0
2026-10-08T21:00Z,2026-10-09T09:00Z,a4t:116t,12,8,31.9,31.89,32.61,0,0,32.61,0
2026-10-08T21:00Z,2026-10-09T21:00Z,a4t:116t,24,8,25.84,25.82,25.82,0,0,25.82,0
2026-10-08T21:00Z,2026-10-10T21:00Z,a4t:116t,48,8,24.64,24.62,24.62,0.07,0.07,24.62,0.07
2026-10-08T21:00Z,2026-10-08T22:00Z,a4t:57t,1,399,20.74,21.28,21.28,0,0,21.28,0
2026-10-08T21:00Z,2026-10-09T00:00Z,a4t:57t,3,399,21.08,21.62,21.63,0,0,21.63,0
2026-10-08T21:00Z,2026-10-09T03:00Z,a4t:57t,6,399,26.71,27.25,27.26,0,0,27.26,0
2026-10-08T21:00Z,2026-10-09T09:00Z,a4t:57t,12,399,29.4,29.93,29.95,0,0,29.95,0
2026-10-08T21:00Z,2026-10-09T21:00Z,a4t:57t,24,399,21.44,21.97,21.97,0,0,21.97,0
2026-10-08T21:00Z,2026-10-10T21:00Z,a4t:57t,48,399,22.03,22.57,22.57,0.19,0.19,22.57,0.19
2026-10-08T21:00Z,2026-10-08T22:00Z,a4t:73t,1,422,21.75,22.92,22.92,0,0,22.92,0
2026-10-08T21:00Z,2026-10-09T00:00Z,a4t:73t,3,422,21.89,23.06,23.06,0,0,23.06,0
2026-10-08T21:00Z,2026-10-09T03:00Z,a4t:73t,6,422,26.64,27.81,27.81,0,0,27.81,0
2026-10-08T21:00Z,2026-10-09T09:00Z,a4t:73t,12,422,29.17,30.34,30.34,0,0,30.34,0
2026-10-08T21:00Z,2026-10-09T21:00Z,a4t:73t,24,422,21.77,22.94,22.94,0,0,22.94,0
2026-10-08T21:00Z,2026-10-10T21:00Z,a4t:73t,48,422,21.77,22.94,22.94,0,0,22.94,0
2026-10-08T21:00Z,2026-10-08T22:00Z,a4t:35t,1,323,22.66,23.02,23.02,0,0,23.02,0
2026-10-08T21:00Z,2026-10-09T00:00Z,a4t:35t,3,323,22.68,23.04,27.9,0,0,27.9,0
2026-10-08T21:00Z,2026-10-09T03:00Z,a4t:35t,6,323,27.45,27.82,32.68,0.01,0.01,32.68,0.01
2026-10-08T21:00Z,2026-10-09T09:00Z,a4t:35t,12,323,30.87,31.23,36.09,0.01,0.01,36.09,0.01
2026-10-08T21:00Z,2026-10-09T21:00Z,a4t:35t,24,323,22.54,22.9,22.9,0,0,22.9,0
2026-10-08T21:00Z,2026-10-10T21:00Z,a4t:35t,48,323,23.31,23.67,23.67,1.04,1.08,23.67,1.08
2026-10-08T21:00Z,2026-10-08T22:00Z,a4t:36t,1,313,23.09,23.2,23.2,0,0,23.2,0
2026-10-08T21:00Z,2026-10-09T00:00Z,a4t:36t,3,313,23.12,23.23,28.09,0,0,28.09,0
2026-10-08T21:00Z,2026-10-09T03:00Z,a4t:36t,6,313,27.52,27.63,32.49,0,0,32.49,0
2026-10-08T21:00Z,2026-10-09T09:00Z,a4t:36t,12,313,31.09,31.2,36.06,0,0,36.06,0
2026-10-08T21:00Z,2026-10-09T21:00Z,a4t:36t,24,313,22.91,23.01,23.01,0,0,23.01,0
2026-10-08T21:00Z,2026-10-10T21:00Z,a4t:36t,48,313,23.76,23.87,23.87,0.93,0.91,23.87,0.91
2026-10-08T21:00Z,2026-10-08T22:00Z,a4t:97t,1,119,21.59,23.59,23.59,0,0,23.59,0
2026-10-08T21:00Z,2026-10-09T00:00Z,a4t:97t,3,119,22.08,24.08,27.19,0,0,27.19,0
2026-10-08T21:00Z,2026-10-09T03:00Z,a4t:97t,6,119,27.1,29.1,32.21,0,0,32.21,0
2026-10-08T21:00Z,2026-10-09T09:00Z,a4t:97t,12,119,29.32,31.32,34.43,0.02,0.02,34.43,0.02
2026-10-08T21:00Z,2026-10-09T21:00Z,a4t:97t,24,119,22.82,24.82,24.82,0,0,24.82,0
2026-10-08T21:00Z,2026-10-10T21:00Z,a4t:97t,48,119,23.58,25.58,25.58,0.03,0.02,25.58,0.02
2026-10-08T21:00Z,2026-10-08T22:00Z,a4t:69t,1,165,22.91,24.14,24.14,0,0,24.14,0
2026-10-08T21:00Z,2026-10-09T00:00Z,a4t:69t,3,165,23.24,24.47,23.6,0,0,23.6,0
2026-10-08T21:00Z,2026-10-09T03:00Z,a4t:69t,6,165,27.92,29.15,28.28,0,0,28.28,0
2026-10-08T21:00Z,2026-10-09T09:00Z,a4t:69t,12,165,29.79,31.02,30.15,0.03,0.03,30.15,0.03
2026-10-08T21:00Z,2026-10-09T21:00Z,a4t:69t,24,165,23.46,24.69,24.69,0,0,24.69,0
2026-10-08T21:00Z,2026-10-10T21:00Z,a4t:69t,48,165,23.56,24.79,24.79,0,0,24.79,0
2026-10-08T21:00Z,2026-10-08T22:00Z,a4t:58t,1,278,21.86,23.38,23.38,0,0,23.38,0
2026-10-08T21:00Z,2026-10-09T00:00Z,a4t:58t,3,278,21.77,23.29,25.14,0,0,25.14,0
2026-10-08T21:00Z,2026-10-09T03:00Z,a4t:58t,6,278,27.64,29.15,31.01,0.02,0.02,31.01,0.02
2026-10-08T21:00Z,2026-10-09T09:00Z,a4t:58t,12,278,31.92,33.43,35.29,0,0,35.29,0
2026-10-08T21:00Z,2026-10-09T21:00Z,a4t:58t,24,278,20.89,22.4,22.4,0,0,22.4,0
2026-10-08T21:00Z,2026-10-10T21:00Z,a4t:58t,48,278,21.33,22.85,22.85,0,0,22.85,0
2026-10-08T21:00Z,2026-10-08T22:00Z,a4t:05t,1,7,25.36,25.42,25.42,0,0,25.42,0
2026-10-08T21:00Z,2026-10-09T00:00Z,a4t:05t,3,7,25.51,25.57,26.61,0,0,26.61,0
2026-10-08T21:00Z,2026-10-09T03:00Z,a4t:05t,6,7,29.89,29.95,30.99,0,0,30.99,0
2026-10-08T21:00Z,2026-10-09T09:00Z,a4t:05t,12,7,31.36,31.42,32.47,0.21,0.21,32.47,0.21
2026-10-08T21:00Z,2026-10-09T21:00Z,a4t:05t,24,7,25.75,25.8,25.8,0.03,0.03,25.8,0.03
2026-10-08T21:00Z,2026-10-10T21:00Z,a4t:05t,48,7,24.13,24.19,24.19,1.15,1.17,24.19,1.17
2026-10-08T21:00Z,2026-10-08T22:00Z,a4t:12t,1,8,25.37,25.41,25.41,0,0,25.41,0
2026-10-08T21:00Z,2026-10-09T00:00Z,a4t:12t,3,8,25.52,25.56,26.53,0,0,26.53,0
2026-10-08T21:00Z,2026-10-09T03:00Z,a4t:12t,6,8,29.88,29.92,30.9,0,0,30.9,0
2026-10-08T21:00Z,2026-10-09T09:00Z,a4t:12t,12,8,31.46,31.5,32.47,0.2,0.2,32.47,0.2
2026-10-08T21:00Z,2026-10-09T21:00Z,a4t:12t,24,8,25.75,25.79,25.79,0.03,0.03,25.79,0.03
2026-10-08T21:00Z,2026-10-10T21:00Z,a4t:12t,48,8,24.17,24.21,24.21,1.29,1.29,24.21,1.29
2026-10-08T21:00Z,2026-10-08T22:00Z,a4t:54t,1,10,25.39,25.41,25.41,0,0,25.41,0
2026-10-08T21:00Z,2026-10-09T00:00Z,a4t:54t,3,10,25.52,25.53,26.48,0,0,26.48,0
2026-10-08T21:00Z,2026-10-09T03:00Z,a4t:54t,6,10,29.89,29.9,30.85,0,0,30.85,0
2026-10-08T21:00Z,2026-10-09T09:00Z,a4t:54t,12,10,31.51,31.52,32.47,0.2,0.2,32.47,0.2
2026-10-08T21:00Z,2026-10-09T21:00Z,a4t:54t,24,10,25.78,25.79,25.79,0.03,0.03,25.79,0.03
2026-10-08T21:00Z,2026-10-10T21:00Z,a4t:54t,48,10,24.21,24.23,24.23,1.24,1.24,24.23,1.24
2026-10-08T21:00Z,2026-10-08T22:00Z,a4t:79t,1,33,23.4,25.03,25.03,0,0,25.03,0
2026-10-08T21:00Z,2026-10-09T00:00Z,a4t:79t,3,33,23.53,25.16,25.66,0.05,0.04,25.66,0.04
2026-10-08T21:00Z,2026-10-09T03:00Z,a4t:79t,6,33,27.02,28.65,29.16,0,0,29.16,0
2026-10-08T21:00Z,2026-10-09T09:00Z,a4t:79t,12,33,29.27,30.9,31.4,0.42,0.4,31.4,0.4
2026-10-08T21:00Z,2026-10-09T21:00Z,a4t:79t,24,33,24.16,25.79,25.79,0.1,0.1,25.79,0.1
2026-10-08T21:00Z,2026-10-10T21:00Z,a4t:79t,48,33,22.79,24.42,24.42,1.94,1.87,24.42,1.87
2026-10-08T21:00Z,2026-10-08T22:00Z,a4t:27t,1,7,25.23,25.27,25.27,0,0,25.27,0
2026-10-08T21:00Z,2026-10-09T00:00Z,a4t:27t,3,7,25.49,25.53,26.09,0,0,26.09,0
2026-10-08T21:00Z,2026-10-09T03:00Z,a4t:27t,6,7,29.76,29.8,30.36,0,0,30.36,0
2026-10-08T21:00Z,2026-10-09T09:00Z,a4t:27t,12,7,31.52,31.56,32.12,0.12,0.12,32.12,0.12
2026-10-08T21:00Z,2026-10-09T21:00Z,a4t:27t,24,7,25.61,25.65,25.65,0.04,0.04,25.65,0.04
2026-10-08T21:00Z,2026-10-10T21:00Z,a4t:27t,48,7,24.08,24.12,24.12,2.24,2.24,24.12,2.24
2026-10-08T21:00Z,2026-10-08T22:00Z,a4t:71t,1,49,24.37,24.32,24.32,0,0,24.32,0
2026-10-08T21:00Z,2026-10-09T00:00Z,a4t:71t,3,49,24.64,24.59,25.27,0,0,25.27,0
2026-10-08T21:00Z,2026-10-09T03:00Z,a4t:71t,6,49,28.79,28.74,29.41,0.05,0.05,29.41,0.05
2026-10-08T21:00Z,2026-10-09T09:00Z,a4t:71t,12,49,30.1,30.05,30.72,1.51,1.48,30.72,1.48
2026-10-08T21:00Z,2026-10-09T21:00Z,a4t:71t,24,49,24.99,24.94,24.94,0.08,0.08,24.94,0.08
2026-10-08T21:00Z,2026-10-10T21:00Z,a4t:71t,48,49,23.77,23.72,23.72,0.08,0.08,23.72,0.08
2026-10-08T21:00Z,2026-10-08T22:00Z,a4t:81t,1,8,25.46,25.45,25.45,0,0,25.45,0
2026-10-08T21:00Z,2026-10-09T00:00Z,a4t:81t,3,8,25.61,25.6,25.93,0,0,25.93,0
2026-10-08T21:00Z,2026-10-09T03:00Z,a4t:81t,6,8,29.8,29.79,30.11,0,0,30.11,0
2026-10-08T21:00Z,2026-10-09T09:00Z,a4t:81t,12,8,32.09,32.08,32.41,0.1,0.1,32.41,0.1
2026-10-08T21:00Z,2026-10-09T21:00Z,a4t:81t,24,8,25.74,25.73,25.73,0.08,0.08,25.73,0.08
2026-10-08T21:00Z,2026-10-10T21:00Z,a4t:81t,48,8,24.29,24.28,24.28,2.48,2.48,24.28,2.48
2026-10-08T21:00Z,2026-10-08T22:00Z,a4t:24t,1,79,23.96,24.54,24.54,0,0,24.54,0
2026-10-08T21:00Z,2026-10-09T00:00Z,a4t:24t,3,79,24.27,24.85,24.96,0,0,24.96,0
2026-10-08T21:00Z,2026-10-09T03:00Z,a4t:24t,6,79,28.9,29.48,29.59,0,0,29.59,0
2026-10-08T21:00Z,2026-10-09T09:00Z,a4t:24t,12,79,30.41,30.99,31.1,0.29,0.29,31.1,0.29
2026-10-08T21:00Z,2026-10-09T21:00Z,a4t:24t,24,79,24.64,25.22,25.22,0,0,25.22,0
2026-10-08T21:00Z,2026-10-10T21:00Z,a4t:24t,48,79,23.48,24.07,24.07,0.03,0.03,24.07,0.03
2026-10-08T21:00Z,2026-10-08T22:00Z,a4t:76t,1,216,22.24,23.25,23.25,0,0,23.25,0
2026-10-08T21:00Z,2026-10-09T00:00Z,a4t:76t,3,216,22.45,23.46,22.76,0,0,22.76,0
2026-10-08T21:00Z,2026-10-09T03:00Z,a4t:76t,6,216,27.05,28.07,27.36,0.06,0.05,27.36,0.05
2026-10-08T21:00Z,2026-10-09T09:00Z,a4t:76t,12,216,30.81,31.82,31.12,0.07,0.07,31.12,0.07
2026-10-08T21:00Z,2026-10-09T21:00Z,a4t:76t,24,216,21.88,22.89,22.89,0,0,22.89,0
2026-10-08T21:00Z,2026-10-10T21:00Z,a4t:76t,48,216,23.54,24.55,24.55,0.23,0.22,24.55,0.22
2026-10-08T21:00Z,2026-10-08T22:00Z,a4t:75t,1,603,18.71,19.42,19.42,0,0,19.42,0
2026-10-08T21:00Z,2026-10-09T00:00Z,a4t:75t,3,603,19.25,19.95,19.95,0,0,19.95,0
2026-10-08T21:00Z,2026-10-09T03:00Z,a4t:75t,6,603,25.73,26.43,26.43,0,0,26.43,0
2026-10-08T21:00Z,2026-10-09T09:00Z,a4t:75t,12,603,28.34,29.04,29.04,0,0,29.04,0
2026-10-08T21:00Z,2026-10-09T21:00Z,a4t:75t,24,603,19.77,20.47,20.47,0,0,20.47,0
2026-10-08T21:00Z,2026-10-10T21:00Z,a4t:75t,48,603,19.95,20.65,20.65,0,0,20.65,0
2026-10-08T21:00Z,2026-10-08T22:00Z,a4t:03t,1,5,25.32,25.38,25.38,0,0,25.38,0
2026-10-08T21:00Z,2026-10-09T00:00Z,a4t:03t,3,5,25.51,25.57,26.3,0,0,26.3,0
2026-10-08T21:00Z,2026-10-09T03:00Z,a4t:03t,6,5,29.83,29.88,30.62,0,0,30.62,0
2026-10-08T21:00Z,2026-10-09T09:00Z,a4t:03t,12,5,31.5,31.56,32.29,0.16,0.16,32.29,0.16
2026-10-08T21:00Z,2026-10-09T21:00Z,a4t:03t,24,5,25.69,25.75,25.75,0.04,0.04,25.75,0.04
2026-10-08T21:00Z,2026-10-10T21:00Z,a4t:03t,48,5,24.13,24.18,24.18,1.72,1.72,24.18,1.72
2026-10-08T21:00Z,2026-10-08T22:00Z,a4t:19t,1,4,25.38,25.5,25.5,0,0,25.5,0
2026-10-08T21:00Z,2026-10-09T00:00Z,a4t:19t,3,4,25.52,25.64,26.37,0,0,26.37,0
2026-10-08T21:00Z,2026-10-09T03:00Z,a4t:19t,6,4,29.93,30.05,30.78,0,0,30.78,0
2026-10-08T21:00Z,2026-10-09T09:00Z,a4t:19t,12,4,31.13,31.25,31.98,0.25,0.25,31.98,0.25
2026-10-08T21:00Z,2026-10-09T21:00Z,a4t:19t,24,4,25.76,25.88,25.88,0.01,0.01,25.88,0.01
2026-10-08T21:00Z,2026-10-10T21:00Z,a4t:19t,48,4,24.04,24.15,24.15,0.68,0.68,24.15,0.68
